Id,Prediction
00000.png,4
00001.png,7
00002.png,6
00003.png,5
00004.png,8
00005.png,6
00006.png,2
00007.png,4
00008.png,6
00009.png,8
00010.png,1
00011.png,1
00012.png,0
00013.png,0
00014.png,7
00015.png,7
00016.png,8
00017.png,0
00018.png,8
00019.png,9
00020.png,6
00021.png,7
00022.png,4
00023.png,9
00024.png,2
00025.png,8
00026.png,1
00027.png,9
00028.png,6
00029.png,3
00030.png,5
00031.png,6
00032.png,2
00033.png,1
00034.png,0
00035.png,0
00036.png,3
00037.png,0
00038.png,7
00039.png,2
00040.png,4
00041.png,5
00042.png,5
00043.png,6
00044.png,9
00045.png,4
00046.png,7
00047.png,3
00048.png,7
00049.png,2
00050.png,5
00051.png,2
00052.png,7
00053.png,8
00054.png,7
00055.png,3
00056.png,5
00057.png,7
00058.png,9
00059.png,5
00060.png,0
00061.png,6
00062.png,1
00063.png,7
00064.png,0
00065.png,4
00066.png,8
00067.png,2
00068.png,6
00069.png,1
00070.png,7
00071.png,6
00072.png,0
00073.png,4
00074.png,7
00075.png,7
00076.png,8
00077.png,9
00078.png,2
00079.png,3
00080.png,6
00081.png,6
00082.png,8
00083.png,5
00084.png,0
00085.png,1
00086.png,2
00087.png,5
00088.png,4
00089.png,3
00090.png,6
00091.png,2
00092.png,2
00093.png,3
00094.png,0
00095.png,8
00096.png,5
00097.png,1
00098.png,2
00099.png,1
00100.png,4
00101.png,2
00102.png,0
00103.png,2
00104.png,4
00105.png,5
00106.png,5
00107.png,9
00108.png,9
00109.png,5
00110.png,6
00111.png,3
00112.png,6
00113.png,7
00114.png,3
00115.png,0
00116.png,5
00117.png,1
00118.png,4
00119.png,1
00120.png,6
00121.png,2
00122.png,7
00123.png,0
00124.png,7
00125.png,4
00126.png,4
00127.png,1
00128.png,6
00129.png,0
00130.png,3
00131.png,4
00132.png,7
00133.png,0
00134.png,3
00135.png,3
00136.png,2
00137.png,3
00138.png,9
00139.png,4
00140.png,7
00141.png,0
00142.png,0
00143.png,2
00144.png,7
00145.png,7
00146.png,3
00147.png,6
00148.png,2
00149.png,9
00150.png,6
00151.png,7
00152.png,7
00153.png,7
00154.png,6
00155.png,8
00156.png,5
00157.png,6
00158.png,7
00159.png,2
00160.png,3
00161.png,3
00162.png,9
00163.png,9
00164.png,3
00165.png,8
00166.png,2
00167.png,8
00168.png,5
00169.png,4
00170.png,9
00171.png,3
00172.png,8
00173.png,9
00174.png,0
00175.png,8
00176.png,0
00177.png,9
00178.png,9
00179.png,6
00180.png,7
00181.png,0
00182.png,0
00183.png,0
00184.png,3
00185.png,1
00186.png,9
00187.png,4
00188.png,5
00189.png,5
00190.png,1
00191.png,3
00192.png,5
00193.png,7
00194.png,8
00195.png,4
00196.png,5
00197.png,7
00198.png,8
00199.png,8
00200.png,0
00201.png,4
00202.png,2
00203.png,5
00204.png,9
00205.png,0
00206.png,4
00207.png,9
00208.png,8
00209.png,2
00210.png,6
00211.png,4
00212.png,2
00213.png,5
00214.png,4
00215.png,4
00216.png,3
00217.png,9
00218.png,6
00219.png,3
00220.png,6
00221.png,8
00222.png,2
00223.png,3
00224.png,9
00225.png,0
00226.png,3
00227.png,7
00228.png,5
00229.png,7
00230.png,7
00231.png,5
00232.png,9
00233.png,8
00234.png,6
00235.png,5
00236.png,0
00237.png,3
00238.png,6
00239.png,1
00240.png,1
00241.png,0
00242.png,6
00243.png,1
00244.png,0
00245.png,4
00246.png,5
00247.png,8
00248.png,0
00249.png,7
00250.png,7
00251.png,5
00252.png,1
00253.png,8
00254.png,6
00255.png,7
00256.png,7
00257.png,2
00258.png,4
00259.png,8
00260.png,9
00261.png,5
00262.png,5
00263.png,9
00264.png,7
00265.png,0
00266.png,3
00267.png,5
00268.png,3
00269.png,3
00270.png,2
00271.png,3
00272.png,9
00273.png,8
00274.png,9
00275.png,8
00276.png,9
00277.png,8
00278.png,7
00279.png,8
00280.png,5
00281.png,6
00282.png,3
00283.png,3
00284.png,7
00285.png,3
00286.png,9
00287.png,0
00288.png,9
00289.png,7
00290.png,1
00291.png,8
00292.png,4
00293.png,4
00294.png,0
00295.png,2
00296.png,8
00297.png,2
00298.png,8
00299.png,7
00300.png,3
00301.png,9
00302.png,0
00303.png,8
00304.png,0
00305.png,1
00306.png,8
00307.png,7
00308.png,0
00309.png,6
00310.png,4
00311.png,2
00312.png,5
00313.png,4
00314.png,1
00315.png,0
00316.png,7
00317.png,1
00318.png,6
00319.png,7
00320.png,3
00321.png,1
00322.png,5
00323.png,2
00324.png,8
00325.png,6
00326.png,7
00327.png,5
00328.png,2
00329.png,8
00330.png,2
00331.png,0
00332.png,8
00333.png,9
00334.png,9
00335.png,0
00336.png,5
00337.png,8
00338.png,8
00339.png,7
00340.png,1
00341.png,7
00342.png,4
00343.png,5
00344.png,2
00345.png,8
00346.png,7
00347.png,8
00348.png,3
00349.png,3
00350.png,8
00351.png,4
00352.png,4
00353.png,9
00354.png,6
00355.png,5
00356.png,5
00357.png,4
00358.png,1
00359.png,2
00360.png,1
00361.png,7
00362.png,4
00363.png,4
00364.png,0
00365.png,8
00366.png,8
00367.png,7
00368.png,6
00369.png,8
00370.png,3
00371.png,8
00372.png,9
00373.png,4
00374.png,8
00375.png,6
00376.png,3
00377.png,0
00378.png,5
00379.png,2
00380.png,6
00381.png,6
00382.png,1
00383.png,8
00384.png,4
00385.png,3
00386.png,9
00387.png,5
00388.png,5
00389.png,0
00390.png,2
00391.png,2
00392.png,1
00393.png,9
00394.png,1
00395.png,6
00396.png,4
00397.png,4
00398.png,5
00399.png,1
00400.png,2
00401.png,7
00402.png,3
00403.png,5
00404.png,6
00405.png,6
00406.png,5
00407.png,2
00408.png,9
00409.png,0
00410.png,2
00411.png,0
00412.png,3
00413.png,9
00414.png,1
00415.png,0
00416.png,4
00417.png,1
00418.png,3
00419.png,3
00420.png,4
00421.png,7
00422.png,1
00423.png,9
00424.png,5
00425.png,3
00426.png,9
00427.png,5
00428.png,8
00429.png,9
00430.png,6
00431.png,3
00432.png,0
00433.png,1
00434.png,4
00435.png,5
00436.png,5
00437.png,4
00438.png,2
00439.png,8
00440.png,6
00441.png,9
00442.png,2
00443.png,2
00444.png,1
00445.png,3
00446.png,5
00447.png,4
00448.png,7
00449.png,7
00450.png,6
00451.png,8
00452.png,2
00453.png,5
00454.png,7
00455.png,7
00456.png,4
00457.png,3
00458.png,1
00459.png,7
00460.png,7
00461.png,0
00462.png,6
00463.png,7
00464.png,1
00465.png,7
00466.png,9
00467.png,4
00468.png,9
00469.png,5
00470.png,4
00471.png,9
00472.png,5
00473.png,3
00474.png,4
00475.png,0
00476.png,4
00477.png,9
00478.png,3
00479.png,1
00480.png,5
00481.png,9
00482.png,2
00483.png,4
00484.png,9
00485.png,5
00486.png,0
00487.png,3
00488.png,8
00489.png,3
00490.png,2
00491.png,8
00492.png,8
00493.png,1
00494.png,1
00495.png,3
00496.png,7
00497.png,2
00498.png,6
00499.png,0
00500.png,0
00501.png,5
00502.png,7
00503.png,4
00504.png,5
00505.png,5
00506.png,2
00507.png,5
00508.png,7
00509.png,6
00510.png,5
00511.png,4
00512.png,5
00513.png,6
00514.png,8
00515.png,2
00516.png,8
00517.png,4
00518.png,2
00519.png,7
00520.png,3
00521.png,5
00522.png,5
00523.png,6
00524.png,3
00525.png,9
00526.png,1
00527.png,6
00528.png,7
00529.png,8
00530.png,3
00531.png,0
00532.png,7
00533.png,1
00534.png,1
00535.png,1
00536.png,5
00537.png,4
00538.png,3
00539.png,6
00540.png,9
00541.png,1
00542.png,9
00543.png,6
00544.png,7
00545.png,9
00546.png,9
00547.png,5
00548.png,6
00549.png,6
00550.png,1
00551.png,6
00552.png,4
00553.png,8
00554.png,3
00555.png,5
00556.png,8
00557.png,2
00558.png,1
00559.png,5
00560.png,5
00561.png,4
00562.png,1
00563.png,2
00564.png,6
00565.png,6
00566.png,2
00567.png,4
00568.png,8
00569.png,0
00570.png,8
00571.png,5
00572.png,3
00573.png,7
00574.png,4
00575.png,6
00576.png,3
00577.png,7
00578.png,2
00579.png,5
00580.png,4
00581.png,7
00582.png,1
00583.png,7
00584.png,3
00585.png,4
00586.png,6
00587.png,4
00588.png,6
00589.png,0
00590.png,4
00591.png,3
00592.png,9
00593.png,3
00594.png,8
00595.png,5
00596.png,2
00597.png,8
00598.png,2
00599.png,1
00600.png,7
00601.png,3
00602.png,2
00603.png,6
00604.png,1
00605.png,7
00606.png,6
00607.png,4
00608.png,9
00609.png,5
00610.png,6
00611.png,0
00612.png,4
00613.png,5
00614.png,6
00615.png,0
00616.png,7
00617.png,5
00618.png,7
00619.png,2
00620.png,5
00621.png,9
00622.png,8
00623.png,6
00624.png,2
00625.png,6
00626.png,5
00627.png,9
00628.png,6
00629.png,8
00630.png,7
00631.png,0
00632.png,9
00633.png,6
00634.png,7
00635.png,6
00636.png,0
00637.png,0
00638.png,9
00639.png,9
00640.png,6
00641.png,1
00642.png,8
00643.png,3
00644.png,5
00645.png,6
00646.png,4
00647.png,0
00648.png,8
00649.png,3
00650.png,5
00651.png,5
00652.png,2
00653.png,2
00654.png,6
00655.png,0
00656.png,4
00657.png,8
00658.png,0
00659.png,5
00660.png,8
00661.png,2
00662.png,5
00663.png,4
00664.png,3
00665.png,2
00666.png,5
00667.png,2
00668.png,6
00669.png,9
00670.png,5
00671.png,8
00672.png,0
00673.png,2
00674.png,7
00675.png,3
00676.png,4
00677.png,5
00678.png,7
00679.png,1
00680.png,4
00681.png,5
00682.png,3
00683.png,3
00684.png,4
00685.png,9
00686.png,0
00687.png,6
00688.png,9
00689.png,5
00690.png,8
00691.png,1
00692.png,6
00693.png,7
00694.png,5
00695.png,4
00696.png,1
00697.png,0
00698.png,2
00699.png,9
00700.png,9
00701.png,7
00702.png,6
00703.png,5
00704.png,4
00705.png,1
00706.png,4
00707.png,5
00708.png,8
00709.png,2
00710.png,7
00711.png,1
00712.png,4
00713.png,2
00714.png,4
00715.png,8
00716.png,9
00717.png,7
00718.png,1
00719.png,0
00720.png,6
00721.png,5
00722.png,2
00723.png,6
00724.png,2
00725.png,8
00726.png,0
00727.png,1
00728.png,6
00729.png,0
00730.png,9
00731.png,7
00732.png,7
00733.png,8
00734.png,6
00735.png,1
00736.png,3
00737.png,9
00738.png,6
00739.png,8
00740.png,0
00741.png,7
00742.png,4
00743.png,9
00744.png,7
00745.png,2
00746.png,6
00747.png,3
00748.png,3
00749.png,2
00750.png,5
00751.png,8
00752.png,7
00753.png,9
00754.png,6
00755.png,2
00756.png,1
00757.png,8
00758.png,7
00759.png,5
00760.png,8
00761.png,6
00762.png,2
00763.png,4
00764.png,5
00765.png,9
00766.png,0
00767.png,7
00768.png,1
00769.png,7
00770.png,4
00771.png,2
00772.png,5
00773.png,5
00774.png,5
00775.png,9
00776.png,2
00777.png,4
00778.png,6
00779.png,5
00780.png,8
00781.png,0
00782.png,1
00783.png,5
00784.png,1
00785.png,3
00786.png,1
00787.png,5
00788.png,5
00789.png,1
00790.png,6
00791.png,9
00792.png,8
00793.png,1
00794.png,9
00795.png,3
00796.png,0
00797.png,9
00798.png,5
00799.png,7
00800.png,0
00801.png,4
00802.png,0
00803.png,7
00804.png,0
00805.png,9
00806.png,9
00807.png,9
00808.png,9
00809.png,3
00810.png,8
00811.png,0
00812.png,8
00813.png,7
00814.png,9
00815.png,0
00816.png,6
00817.png,8
00818.png,7
00819.png,6
00820.png,3
00821.png,4
00822.png,9
00823.png,1
00824.png,7
00825.png,6
00826.png,5
00827.png,3
00828.png,4
00829.png,7
00830.png,9
00831.png,2
00832.png,9
00833.png,4
00834.png,5
00835.png,5
00836.png,8
00837.png,2
00838.png,9
00839.png,3
00840.png,1
00841.png,9
00842.png,9
00843.png,9
00844.png,0
00845.png,7
00846.png,0
00847.png,3
00848.png,5
00849.png,0
00850.png,4
00851.png,6
00852.png,0
00853.png,1
00854.png,7
00855.png,9
00856.png,3
00857.png,5
00858.png,5
00859.png,2
00860.png,4
00861.png,5
00862.png,5
00863.png,9
00864.png,8
00865.png,3
00866.png,8
00867.png,6
00868.png,7
00869.png,7
00870.png,9
00871.png,7
00872.png,3
00873.png,1
00874.png,1
00875.png,6
00876.png,1
00877.png,1
00878.png,2
00879.png,8
00880.png,7
00881.png,6
00882.png,5
00883.png,8
00884.png,6
00885.png,9
00886.png,6
00887.png,5
00888.png,7
00889.png,1
00890.png,3
00891.png,4
00892.png,7
00893.png,3
00894.png,0
00895.png,6
00896.png,6
00897.png,3
00898.png,7
00899.png,4
00900.png,8
00901.png,6
00902.png,8
00903.png,3
00904.png,3
00905.png,5
00906.png,2
00907.png,8
00908.png,3
00909.png,4
00910.png,8
00911.png,3
00912.png,9
00913.png,3
00914.png,0
00915.png,6
00916.png,6
00917.png,4
00918.png,0
00919.png,6
00920.png,0
00921.png,8
00922.png,3
00923.png,2
00924.png,5
00925.png,5
00926.png,0
00927.png,5
00928.png,6
00929.png,9
00930.png,7
00931.png,6
00932.png,0
00933.png,3
00934.png,3
00935.png,8
00936.png,6
00937.png,7
00938.png,1
00939.png,5
00940.png,1
00941.png,0
00942.png,4
00943.png,1
00944.png,6
00945.png,8
00946.png,6
00947.png,8
00948.png,6
00949.png,8
00950.png,8
00951.png,9
00952.png,0
00953.png,3
00954.png,5
00955.png,6
00956.png,7
00957.png,4
00958.png,0
00959.png,3
00960.png,0
00961.png,1
00962.png,8
00963.png,6
00964.png,7
00965.png,9
00966.png,5
00967.png,6
00968.png,1
00969.png,2
00970.png,2
00971.png,0
00972.png,2
00973.png,3
00974.png,0
00975.png,3
00976.png,6
00977.png,0
00978.png,1
00979.png,4
00980.png,2
00981.png,2
00982.png,8
00983.png,2
00984.png,2
00985.png,2
00986.png,5
00987.png,6
00988.png,3
00989.png,4
00990.png,4
00991.png,8
00992.png,5
00993.png,6
00994.png,7
00995.png,3
00996.png,5
00997.png,3
00998.png,0
00999.png,4
01000.png,1
01001.png,0
01002.png,6
01003.png,1
01004.png,5
01005.png,6
01006.png,8
01007.png,0
01008.png,1
01009.png,5
01010.png,4
01011.png,8
01012.png,4
01013.png,7
01014.png,2
01015.png,6
01016.png,1
01017.png,5
01018.png,0
01019.png,0
01020.png,9
01021.png,7
01022.png,9
01023.png,7
01024.png,7
01025.png,1
01026.png,1
01027.png,2
01028.png,9
01029.png,4
01030.png,6
01031.png,2
01032.png,5
01033.png,9
01034.png,3
01035.png,5
01036.png,1
01037.png,5
01038.png,9
01039.png,4
01040.png,4
01041.png,0
01042.png,2
01043.png,8
01044.png,5
01045.png,3
01046.png,7
01047.png,0
01048.png,6
01049.png,6
01050.png,0
01051.png,2
01052.png,4
01053.png,6
01054.png,2
01055.png,8
01056.png,5
01057.png,8
01058.png,0
01059.png,8
01060.png,4
01061.png,3
01062.png,3
01063.png,2
01064.png,4
01065.png,7
01066.png,2
01067.png,7
01068.png,0
01069.png,1
01070.png,8
01071.png,5
01072.png,8
01073.png,6
01074.png,2
01075.png,0
01076.png,2
01077.png,5
01078.png,9
01079.png,9
01080.png,4
01081.png,3
01082.png,5
01083.png,2
01084.png,4
01085.png,7
01086.png,1
01087.png,1
01088.png,5
01089.png,6
01090.png,8
01091.png,2
01092.png,1
01093.png,0
01094.png,1
01095.png,5
01096.png,7
01097.png,4
01098.png,6
01099.png,5
01100.png,5
01101.png,5
01102.png,6
01103.png,1
01104.png,8
01105.png,9
01106.png,9
01107.png,7
01108.png,0
01109.png,9
01110.png,3
01111.png,9
01112.png,2
01113.png,2
01114.png,7
01115.png,3
01116.png,1
01117.png,5
01118.png,0
01119.png,9
01120.png,5
01121.png,4
01122.png,0
01123.png,9
01124.png,6
01125.png,4
01126.png,3
01127.png,7
01128.png,0
01129.png,1
01130.png,3
01131.png,3
01132.png,5
01133.png,7
01134.png,4
01135.png,1
01136.png,1
01137.png,7
01138.png,4
01139.png,8
01140.png,6
01141.png,6
01142.png,2
01143.png,8
01144.png,0
01145.png,5
01146.png,0
01147.png,8
01148.png,7
01149.png,0
01150.png,3
01151.png,8
01152.png,5
01153.png,3
01154.png,5
01155.png,6
01156.png,5
01157.png,3
01158.png,4
01159.png,4
01160.png,6
01161.png,7
01162.png,7
01163.png,6
01164.png,3
01165.png,9
01166.png,7
01167.png,5
01168.png,8
01169.png,7
01170.png,4
01171.png,9
01172.png,7
01173.png,3
01174.png,0
01175.png,5
01176.png,9
01177.png,0
01178.png,3
01179.png,6
01180.png,2
01181.png,3
01182.png,5
01183.png,3
01184.png,0
01185.png,0
01186.png,3
01187.png,2
01188.png,1
01189.png,4
01190.png,4
01191.png,8
01192.png,2
01193.png,4
01194.png,1
01195.png,1
01196.png,7
01197.png,1
01198.png,4
01199.png,6
01200.png,3
01201.png,3
01202.png,7
01203.png,5
01204.png,3
01205.png,7
01206.png,9
01207.png,6
01208.png,0
01209.png,0
01210.png,9
01211.png,8
01212.png,0
01213.png,2
01214.png,4
01215.png,7
01216.png,4
01217.png,8
01218.png,7
01219.png,0
01220.png,9
01221.png,0
01222.png,0
01223.png,1
01224.png,0
01225.png,1
01226.png,6
01227.png,2
01228.png,0
01229.png,0
01230.png,6
01231.png,3
01232.png,2
01233.png,8
01234.png,6
01235.png,0
01236.png,4
01237.png,8
01238.png,7
01239.png,3
01240.png,1
01241.png,0
01242.png,6
01243.png,8
01244.png,8
01245.png,0
01246.png,8
01247.png,5
01248.png,5
01249.png,5
01250.png,3
01251.png,0
01252.png,9
01253.png,0
01254.png,2
01255.png,5
01256.png,7
01257.png,9
01258.png,3
01259.png,1
01260.png,7
01261.png,1
01262.png,5
01263.png,8
01264.png,5
01265.png,1
01266.png,3
01267.png,7
01268.png,1
01269.png,7
01270.png,8
01271.png,1
01272.png,8
01273.png,0
01274.png,4
01275.png,2
01276.png,3
01277.png,6
01278.png,1
01279.png,0
01280.png,6
01281.png,1
01282.png,9
01283.png,4
01284.png,2
01285.png,4
01286.png,9
01287.png,1
01288.png,7
01289.png,1
01290.png,4
01291.png,1
01292.png,7
01293.png,2
01294.png,5
01295.png,0
01296.png,1
01297.png,0
01298.png,1
01299.png,3
01300.png,9
01301.png,1
01302.png,1
01303.png,6
01304.png,3
01305.png,2
01306.png,8
01307.png,3
01308.png,7
01309.png,6
01310.png,6
01311.png,4
01312.png,6
01313.png,6
01314.png,8
01315.png,3
01316.png,7
01317.png,9
01318.png,0
01319.png,8
01320.png,2
01321.png,5
01322.png,9
01323.png,8
01324.png,7
01325.png,5
01326.png,0
01327.png,8
01328.png,5
01329.png,0
01330.png,7
01331.png,0
01332.png,8
01333.png,0
01334.png,8
01335.png,0
01336.png,9
01337.png,9
01338.png,4
01339.png,4
01340.png,6
01341.png,5
01342.png,2
01343.png,6
01344.png,9
01345.png,8
01346.png,4
01347.png,1
01348.png,1
01349.png,3
01350.png,1
01351.png,6
01352.png,0
01353.png,8
01354.png,8
01355.png,2
01356.png,0
01357.png,4
01358.png,5
01359.png,2
01360.png,8
01361.png,9
01362.png,1
01363.png,6
01364.png,7
01365.png,9
01366.png,0
01367.png,1
01368.png,4
01369.png,5
01370.png,5
01371.png,9
01372.png,1
01373.png,5
01374.png,5
01375.png,2
01376.png,0
01377.png,7
01378.png,0
01379.png,8
01380.png,8
01381.png,4
01382.png,9
01383.png,2
01384.png,6
01385.png,5
01386.png,2
01387.png,8
01388.png,4
01389.png,9
01390.png,4
01391.png,2
01392.png,1
01393.png,8
01394.png,3
01395.png,7
01396.png,2
01397.png,5
01398.png,3
01399.png,9
01400.png,4
01401.png,5
01402.png,2
01403.png,8
01404.png,4
01405.png,1
01406.png,0
01407.png,3
01408.png,6
01409.png,8
01410.png,4
01411.png,2
01412.png,2
01413.png,3
01414.png,2
01415.png,4
01416.png,6
01417.png,3
01418.png,2
01419.png,2
01420.png,9
01421.png,5
01422.png,0
01423.png,3
01424.png,8
01425.png,2
01426.png,6
01427.png,0
01428.png,9
01429.png,9
01430.png,7
01431.png,1
01432.png,9
01433.png,5
01434.png,8
01435.png,2
01436.png,6
01437.png,3
01438.png,1
01439.png,1
01440.png,9
01441.png,8
01442.png,0
01443.png,8
01444.png,9
01445.png,2
01446.png,9
01447.png,9
01448.png,6
01449.png,7
01450.png,6
01451.png,7
01452.png,1
01453.png,7
01454.png,9
01455.png,1
01456.png,6
01457.png,0
01458.png,2
01459.png,7
01460.png,2
01461.png,3
01462.png,7
01463.png,4
01464.png,7
01465.png,6
01466.png,0
01467.png,6
01468.png,9
01469.png,1
01470.png,2
01471.png,0
01472.png,4
01473.png,4
01474.png,0
01475.png,2
01476.png,2
01477.png,8
01478.png,6
01479.png,9
01480.png,9
01481.png,0
01482.png,7
01483.png,5
01484.png,2
01485.png,7
01486.png,4
01487.png,1
01488.png,0
01489.png,4
01490.png,9
01491.png,9
01492.png,3
01493.png,2
01494.png,2
01495.png,7
01496.png,6
01497.png,4
01498.png,5
01499.png,1
01500.png,6
01501.png,5
01502.png,4
01503.png,6
01504.png,4
01505.png,5
01506.png,7
01507.png,0
01508.png,8
01509.png,6
01510.png,4
01511.png,4
01512.png,6
01513.png,7
01514.png,0
01515.png,2
01516.png,2
01517.png,7
01518.png,0
01519.png,8
01520.png,7
01521.png,5
01522.png,1
01523.png,7
01524.png,6
01525.png,9
01526.png,5
01527.png,1
01528.png,1
01529.png,7
01530.png,6
01531.png,0
01532.png,3
01533.png,5
01534.png,8
01535.png,1
01536.png,1
01537.png,3
01538.png,4
01539.png,2
01540.png,5
01541.png,9
01542.png,6
01543.png,1
01544.png,3
01545.png,3
01546.png,5
01547.png,2
01548.png,4
01549.png,7
01550.png,1
01551.png,1
01552.png,9
01553.png,4
01554.png,4
01555.png,7
01556.png,3
01557.png,7
01558.png,6
01559.png,0
01560.png,7
01561.png,9
01562.png,4
01563.png,0
01564.png,0
01565.png,0
01566.png,8
01567.png,9
01568.png,7
01569.png,8
01570.png,9
01571.png,0
01572.png,4
01573.png,3
01574.png,2
01575.png,8
01576.png,3
01577.png,8
01578.png,6
01579.png,2
01580.png,6
01581.png,0
01582.png,7
01583.png,0
01584.png,5
01585.png,5
01586.png,1
01587.png,9
01588.png,9
01589.png,7
01590.png,0
01591.png,3
01592.png,4
01593.png,4
01594.png,8
01595.png,2
01596.png,1
01597.png,4
01598.png,7
01599.png,6
01600.png,1
01601.png,5
01602.png,9
01603.png,9
01604.png,6
01605.png,1
01606.png,8
01607.png,8
01608.png,9
01609.png,8
01610.png,7
01611.png,0
01612.png,6
01613.png,3
01614.png,9
01615.png,1
01616.png,9
01617.png,9
01618.png,4
01619.png,5
01620.png,4
01621.png,5
01622.png,9
01623.png,2
01624.png,0
01625.png,4
01626.png,6
01627.png,9
01628.png,2
01629.png,4
01630.png,7
01631.png,8
01632.png,2
01633.png,7
01634.png,2
01635.png,5
01636.png,5
01637.png,7
01638.png,9
01639.png,8
01640.png,5
01641.png,7
01642.png,2
01643.png,1
01644.png,2
01645.png,9
01646.png,8
01647.png,5
01648.png,0
01649.png,3
01650.png,1
01651.png,4
01652.png,3
01653.png,9
01654.png,0
01655.png,3
01656.png,8
01657.png,9
01658.png,0
01659.png,3
01660.png,5
01661.png,2
01662.png,4
01663.png,9
01664.png,7
01665.png,5
01666.png,7
01667.png,4
01668.png,2
01669.png,7
01670.png,3
01671.png,4
01672.png,7
01673.png,0
01674.png,9
01675.png,6
01676.png,8
01677.png,8
01678.png,2
01679.png,5
01680.png,2
01681.png,7
01682.png,8
01683.png,2
01684.png,7
01685.png,4
01686.png,1
01687.png,8
01688.png,0
01689.png,0
01690.png,4
01691.png,0
01692.png,5
01693.png,1
01694.png,9
01695.png,3
01696.png,7
01697.png,3
01698.png,2
01699.png,9
01700.png,1
01701.png,5
01702.png,5
01703.png,8
01704.png,5
01705.png,0
01706.png,9
01707.png,1
01708.png,9
01709.png,7
01710.png,0
01711.png,1
01712.png,0
01713.png,4
01714.png,9
01715.png,3
01716.png,6
01717.png,8
01718.png,3
01719.png,4
01720.png,3
01721.png,9
01722.png,6
01723.png,1
01724.png,9
01725.png,6
01726.png,7
01727.png,7
01728.png,6
01729.png,1
01730.png,2
01731.png,6
01732.png,0
01733.png,7
01734.png,8
01735.png,5
01736.png,6
01737.png,0
01738.png,4
01739.png,3
01740.png,7
01741.png,4
01742.png,4
01743.png,3
01744.png,6
01745.png,4
01746.png,7
01747.png,9
01748.png,1
01749.png,7
01750.png,4
01751.png,8
01752.png,3
01753.png,2
01754.png,0
01755.png,8
01756.png,1
01757.png,9
01758.png,6
01759.png,5
01760.png,0
01761.png,0
01762.png,7
01763.png,7
01764.png,6
01765.png,9
01766.png,7
01767.png,0
01768.png,7
01769.png,4
01770.png,0
01771.png,8
01772.png,5
01773.png,6
01774.png,0
01775.png,7
01776.png,3
01777.png,9
01778.png,5
01779.png,4
01780.png,6
01781.png,3
01782.png,3
01783.png,0
01784.png,9
01785.png,9
01786.png,7
01787.png,2
01788.png,0
01789.png,3
01790.png,9
01791.png,9
01792.png,8
01793.png,4
01794.png,4
01795.png,0
01796.png,1
01797.png,5
01798.png,4
01799.png,5
01800.png,9
01801.png,0
01802.png,0
01803.png,1
01804.png,5
01805.png,8
01806.png,5
01807.png,8
01808.png,3
01809.png,1
01810.png,8
01811.png,6
01812.png,3
01813.png,9
01814.png,3
01815.png,6
01816.png,9
01817.png,9
01818.png,6
01819.png,5
01820.png,2
01821.png,4
01822.png,3
01823.png,2
01824.png,0
01825.png,3
01826.png,9
01827.png,1
01828.png,5
01829.png,0
01830.png,2
01831.png,0
01832.png,7
01833.png,2
01834.png,7
01835.png,7
01836.png,4
01837.png,4
01838.png,7
01839.png,3
01840.png,1
01841.png,0
01842.png,4
01843.png,4
01844.png,1
01845.png,1
01846.png,7
01847.png,9
01848.png,3
01849.png,3
01850.png,6
01851.png,9
01852.png,9
01853.png,7
01854.png,6
01855.png,9
01856.png,6
01857.png,6
01858.png,9
01859.png,1
01860.png,6
01861.png,0
01862.png,9
01863.png,9
01864.png,7
01865.png,7
01866.png,7
01867.png,9
01868.png,4
01869.png,3
01870.png,4
01871.png,7
01872.png,9
01873.png,8
01874.png,8
01875.png,8
01876.png,1
01877.png,1
01878.png,9
01879.png,5
01880.png,2
01881.png,4
01882.png,9
01883.png,7
01884.png,4
01885.png,7
01886.png,0
01887.png,8
01888.png,5
01889.png,4
01890.png,0
01891.png,7
01892.png,1
01893.png,0
01894.png,4
01895.png,6
01896.png,1
01897.png,2
01898.png,5
01899.png,9
01900.png,8
01901.png,8
01902.png,7
01903.png,7
01904.png,8
01905.png,6
01906.png,8
01907.png,2
01908.png,0
01909.png,9
01910.png,6
01911.png,5
01912.png,4
01913.png,9
01914.png,3
01915.png,6
01916.png,7
01917.png,0
01918.png,9
01919.png,5
01920.png,4
01921.png,0
01922.png,7
01923.png,4
01924.png,4
01925.png,9
01926.png,1
01927.png,3
01928.png,8
01929.png,6
01930.png,1
01931.png,3
01932.png,9
01933.png,7
01934.png,8
01935.png,3
01936.png,7
01937.png,7
01938.png,9
01939.png,3
01940.png,6
01941.png,6
01942.png,9
01943.png,3
01944.png,5
01945.png,5
01946.png,9
01947.png,7
01948.png,3
01949.png,0
01950.png,7
01951.png,6
01952.png,5
01953.png,0
01954.png,8
01955.png,1
01956.png,2
01957.png,5
01958.png,7
01959.png,3
01960.png,7
01961.png,5
01962.png,4
01963.png,9
01964.png,1
01965.png,4
01966.png,4
01967.png,7
01968.png,0
01969.png,1
01970.png,3
01971.png,1
01972.png,2
01973.png,9
01974.png,0
01975.png,0
01976.png,9
01977.png,2
01978.png,6
01979.png,4
01980.png,6
01981.png,2
01982.png,5
01983.png,0
01984.png,4
01985.png,1
01986.png,5
01987.png,3
01988.png,6
01989.png,5
01990.png,9
01991.png,3
01992.png,6
01993.png,4
01994.png,8
01995.png,7
01996.png,1
01997.png,7
01998.png,7
01999.png,1
02000.png,7
02001.png,0
02002.png,6
02003.png,1
02004.png,7
02005.png,2
02006.png,0
02007.png,0
02008.png,6
02009.png,5
02010.png,0
02011.png,9
02012.png,1
02013.png,4
02014.png,8
02015.png,1
02016.png,9
02017.png,9
02018.png,3
02019.png,4
02020.png,6
02021.png,7
02022.png,0
02023.png,9
02024.png,1
02025.png,5
02026.png,1
02027.png,5
02028.png,3
02029.png,9
02030.png,9
02031.png,6
02032.png,4
02033.png,6
02034.png,5
02035.png,2
02036.png,5
02037.png,5
02038.png,0
02039.png,3
02040.png,6
02041.png,8
02042.png,3
02043.png,8
02044.png,5
02045.png,7
02046.png,3
02047.png,3
02048.png,1
02049.png,7
02050.png,3
02051.png,8
02052.png,2
02053.png,8
02054.png,0
02055.png,6
02056.png,3
02057.png,7
02058.png,2
02059.png,0
02060.png,3
02061.png,5
02062.png,3
02063.png,4
02064.png,7
02065.png,2
02066.png,6
02067.png,7
02068.png,8
02069.png,1
02070.png,0
02071.png,7
02072.png,2
02073.png,9
02074.png,7
02075.png,0
02076.png,9
02077.png,2
02078.png,6
02079.png,4
02080.png,7
02081.png,0
02082.png,5
02083.png,4
02084.png,2
02085.png,9
02086.png,9
02087.png,6
02088.png,6
02089.png,4
02090.png,1
02091.png,8
02092.png,7
02093.png,8
02094.png,5
02095.png,7
02096.png,9
02097.png,0
02098.png,5
02099.png,9
02100.png,3
02101.png,4
02102.png,3
02103.png,5
02104.png,8
02105.png,4
02106.png,3
02107.png,6
02108.png,3
02109.png,7
02110.png,9
02111.png,7
02112.png,5
02113.png,4
02114.png,3
02115.png,9
02116.png,8
02117.png,3
02118.png,0
02119.png,7
02120.png,8
02121.png,1
02122.png,8
02123.png,3
02124.png,4
02125.png,6
02126.png,3
02127.png,5
02128.png,8
02129.png,8
02130.png,9
02131.png,9
02132.png,1
02133.png,6
02134.png,6
02135.png,8
02136.png,2
02137.png,3
02138.png,6
02139.png,3
02140.png,7
02141.png,7
02142.png,4
02143.png,0
02144.png,4
02145.png,5
02146.png,8
02147.png,9
02148.png,7
02149.png,8
02150.png,9
02151.png,1
02152.png,2
02153.png,9
02154.png,4
02155.png,8
02156.png,1
02157.png,4
02158.png,4
02159.png,4
02160.png,5
02161.png,5
02162.png,5
02163.png,7
02164.png,7
02165.png,7
02166.png,7
02167.png,1
02168.png,2
02169.png,2
02170.png,5
02171.png,5
02172.png,6
02173.png,9
02174.png,7
02175.png,3
02176.png,7
02177.png,8
02178.png,7
02179.png,2
02180.png,2
02181.png,0
02182.png,2
02183.png,9
02184.png,1
02185.png,7
02186.png,6
02187.png,5
02188.png,6
02189.png,5
02190.png,2
02191.png,0
02192.png,5
02193.png,9
02194.png,5
02195.png,1
02196.png,1
02197.png,9
02198.png,4
02199.png,4
02200.png,0
02201.png,6
02202.png,0
02203.png,1
02204.png,4
02205.png,0
02206.png,7
02207.png,8
02208.png,2
02209.png,9
02210.png,4
02211.png,8
02212.png,1
02213.png,9
02214.png,8
02215.png,7
02216.png,7
02217.png,2
02218.png,3
02219.png,6
02220.png,4
02221.png,7
02222.png,7
02223.png,4
02224.png,9
02225.png,9
02226.png,6
02227.png,1
02228.png,2
02229.png,9
02230.png,0
02231.png,6
02232.png,0
02233.png,3
02234.png,0
02235.png,1
02236.png,4
02237.png,3
02238.png,4
02239.png,9
02240.png,2
02241.png,5
02242.png,9
02243.png,6
02244.png,1
02245.png,1
02246.png,6
02247.png,9
02248.png,9
02249.png,1
02250.png,5
02251.png,1
02252.png,1
02253.png,1
02254.png,6
02255.png,7
02256.png,8
02257.png,1
02258.png,2
02259.png,6
02260.png,3
02261.png,4
02262.png,8
02263.png,2
02264.png,8
02265.png,2
02266.png,4
02267.png,4
02268.png,3
02269.png,9
02270.png,1
02271.png,8
02272.png,9
02273.png,9
02274.png,6
02275.png,4
02276.png,5
02277.png,1
02278.png,9
02279.png,4
02280.png,8
02281.png,2
02282.png,3
02283.png,0
02284.png,7
02285.png,9
02286.png,0
02287.png,2
02288.png,4
02289.png,3
02290.png,0
02291.png,3
02292.png,8
02293.png,9
02294.png,8
02295.png,1
02296.png,2
02297.png,6
02298.png,6
02299.png,1
02300.png,0
02301.png,5
02302.png,0
02303.png,6
02304.png,1
02305.png,3
02306.png,3
02307.png,1
02308.png,3
02309.png,6
02310.png,5
02311.png,4
02312.png,8
02313.png,5
02314.png,4
02315.png,6
02316.png,8
02317.png,4
02318.png,5
02319.png,5
02320.png,5
02321.png,0
02322.png,1
02323.png,5
02324.png,3
02325.png,8
02326.png,5
02327.png,4
02328.png,7
02329.png,3
02330.png,4
02331.png,0
02332.png,9
02333.png,1
02334.png,5
02335.png,0
02336.png,8
02337.png,4
02338.png,1
02339.png,5
02340.png,8
02341.png,0
02342.png,7
02343.png,0
02344.png,5
02345.png,2
02346.png,5
02347.png,7
02348.png,4
02349.png,6
02350.png,5
02351.png,4
02352.png,4
02353.png,9
02354.png,1
02355.png,8
02356.png,4
02357.png,7
02358.png,3
02359.png,7
02360.png,0
02361.png,3
02362.png,3
02363.png,6
02364.png,8
02365.png,9
02366.png,3
02367.png,4
02368.png,1
02369.png,5
02370.png,3
02371.png,7
02372.png,2
02373.png,9
02374.png,9
02375.png,8
02376.png,9
02377.png,8
02378.png,1
02379.png,2
02380.png,3
02381.png,0
02382.png,6
02383.png,2
02384.png,0
02385.png,0
02386.png,9
02387.png,7
02388.png,2
02389.png,4
02390.png,4
02391.png,8
02392.png,3
02393.png,4
02394.png,6
02395.png,9
02396.png,0
02397.png,4
02398.png,0
02399.png,5
02400.png,4
02401.png,7
02402.png,5
02403.png,4
02404.png,3
02405.png,2
02406.png,7
02407.png,7
02408.png,4
02409.png,3
02410.png,9
02411.png,2
02412.png,4
02413.png,5
02414.png,2
02415.png,0
02416.png,5
02417.png,3
02418.png,0
02419.png,5
02420.png,3
02421.png,1
02422.png,7
02423.png,5
02424.png,2
02425.png,5
02426.png,8
02427.png,0
02428.png,6
02429.png,5
02430.png,1
02431.png,5
02432.png,1
02433.png,7
02434.png,5
02435.png,5
02436.png,8
02437.png,5
02438.png,6
02439.png,2
02440.png,5
02441.png,8
02442.png,9
02443.png,6
02444.png,0
02445.png,5
02446.png,3
02447.png,8
02448.png,2
02449.png,7
02450.png,8
02451.png,5
02452.png,2
02453.png,1
02454.png,7
02455.png,4
02456.png,0
02457.png,6
02458.png,9
02459.png,2
02460.png,1
02461.png,7
02462.png,9
02463.png,6
02464.png,7
02465.png,3
02466.png,6
02467.png,0
02468.png,5
02469.png,3
02470.png,2
02471.png,1
02472.png,3
02473.png,0
02474.png,4
02475.png,4
02476.png,3
02477.png,7
02478.png,0
02479.png,8
02480.png,7
02481.png,3
02482.png,1
02483.png,8
02484.png,5
02485.png,8
02486.png,1
02487.png,6
02488.png,9
02489.png,5
02490.png,1
02491.png,8
02492.png,3
02493.png,8
02494.png,7
02495.png,5
02496.png,0
02497.png,9
02498.png,3
02499.png,7
02500.png,0
02501.png,1
02502.png,6
02503.png,9
02504.png,9
02505.png,9
02506.png,5
02507.png,6
02508.png,6
02509.png,7
02510.png,9
02511.png,5
02512.png,5
02513.png,8
02514.png,7
02515.png,6
02516.png,1
02517.png,6
02518.png,1
02519.png,4
02520.png,9
02521.png,4
02522.png,3
02523.png,5
02524.png,3
02525.png,9
02526.png,3
02527.png,6
02528.png,4
02529.png,2
02530.png,0
02531.png,3
02532.png,4
02533.png,3
02534.png,3
02535.png,4
02536.png,9
02537.png,0
02538.png,3
02539.png,9
02540.png,5
02541.png,9
02542.png,9
02543.png,3
02544.png,5
02545.png,1
02546.png,0
02547.png,7
02548.png,5
02549.png,0
02550.png,5
02551.png,0
02552.png,3
02553.png,4
02554.png,1
02555.png,0
02556.png,0
02557.png,6
02558.png,3
02559.png,0
02560.png,1
02561.png,5
02562.png,7
02563.png,1
02564.png,1
02565.png,6
02566.png,3
02567.png,8
02568.png,1
02569.png,2
02570.png,3
02571.png,6
02572.png,2
02573.png,4
02574.png,3
02575.png,9
02576.png,4
02577.png,2
02578.png,0
02579.png,0
02580.png,3
02581.png,8
02582.png,2
02583.png,3
02584.png,4
02585.png,5
02586.png,5
02587.png,8
02588.png,9
02589.png,6
02590.png,4
02591.png,0
02592.png,1
02593.png,7
02594.png,3
02595.png,4
02596.png,2
02597.png,7
02598.png,6
02599.png,0
02600.png,9
02601.png,1
02602.png,3
02603.png,3
02604.png,4
02605.png,6
02606.png,0
02607.png,7
02608.png,5
02609.png,8
02610.png,6
02611.png,5
02612.png,0
02613.png,5
02614.png,5
02615.png,7
02616.png,6
02617.png,9
02618.png,3
02619.png,3
02620.png,4
02621.png,8
02622.png,0
02623.png,2
02624.png,6
02625.png,0
02626.png,4
02627.png,6
02628.png,2
02629.png,7
02630.png,1
02631.png,0
02632.png,1
02633.png,6
02634.png,7
02635.png,0
02636.png,1
02637.png,3
02638.png,1
02639.png,6
02640.png,1
02641.png,8
02642.png,0
02643.png,7
02644.png,0
02645.png,3
02646.png,1
02647.png,4
02648.png,2
02649.png,8
02650.png,7
02651.png,3
02652.png,7
02653.png,5
02654.png,9
02655.png,3
02656.png,5
02657.png,3
02658.png,9
02659.png,8
02660.png,9
02661.png,7
02662.png,8
02663.png,7
02664.png,3
02665.png,7
02666.png,2
02667.png,6
02668.png,1
02669.png,0
02670.png,9
02671.png,9
02672.png,7
02673.png,8
02674.png,5
02675.png,9
02676.png,6
02677.png,7
02678.png,0
02679.png,9
02680.png,9
02681.png,6
02682.png,8
02683.png,9
02684.png,7
02685.png,4
02686.png,2
02687.png,1
02688.png,1
02689.png,0
02690.png,2
02691.png,2
02692.png,0
02693.png,6
02694.png,9
02695.png,0
02696.png,1
02697.png,9
02698.png,5
02699.png,5
02700.png,9
02701.png,6
02702.png,5
02703.png,4
02704.png,9
02705.png,7
02706.png,7
02707.png,6
02708.png,0
02709.png,0
02710.png,7
02711.png,0
02712.png,9
02713.png,0
02714.png,3
02715.png,2
02716.png,9
02717.png,0
02718.png,4
02719.png,6
02720.png,3
02721.png,5
02722.png,6
02723.png,5
02724.png,6
02725.png,3
02726.png,3
02727.png,4
02728.png,2
02729.png,4
02730.png,9
02731.png,6
02732.png,8
02733.png,0
02734.png,2
02735.png,7
02736.png,0
02737.png,7
02738.png,0
02739.png,7
02740.png,9
02741.png,1
02742.png,7
02743.png,6
02744.png,3
02745.png,0
02746.png,8
02747.png,2
02748.png,2
02749.png,5
02750.png,7
02751.png,2
02752.png,4
02753.png,6
02754.png,1
02755.png,8
02756.png,1
02757.png,4
02758.png,9
02759.png,9
02760.png,1
02761.png,7
02762.png,9
02763.png,7
02764.png,6
02765.png,6
02766.png,7
02767.png,4
02768.png,4
02769.png,8
02770.png,6
02771.png,6
02772.png,6
02773.png,6
02774.png,1
02775.png,4
02776.png,8
02777.png,5
02778.png,7
02779.png,6
02780.png,2
02781.png,5
02782.png,7
02783.png,5
02784.png,5
02785.png,5
02786.png,5
02787.png,7
02788.png,5
02789.png,9
02790.png,4
02791.png,0
02792.png,9
02793.png,0
02794.png,8
02795.png,8
02796.png,3
02797.png,8
02798.png,7
02799.png,9
02800.png,2
02801.png,8
02802.png,6
02803.png,6
02804.png,3
02805.png,9
02806.png,7
02807.png,1
02808.png,8
02809.png,2
02810.png,0
02811.png,9
02812.png,3
02813.png,9
02814.png,3
02815.png,1
02816.png,2
02817.png,6
02818.png,2
02819.png,9
02820.png,3
02821.png,9
02822.png,1
02823.png,2
02824.png,8
02825.png,7
02826.png,6
02827.png,9
02828.png,4
02829.png,7
02830.png,7
02831.png,3
02832.png,1
02833.png,4
02834.png,6
02835.png,1
02836.png,5
02837.png,5
02838.png,3
02839.png,8
02840.png,8
02841.png,3
02842.png,2
02843.png,0
02844.png,6
02845.png,9
02846.png,9
02847.png,9
02848.png,2
02849.png,1
02850.png,9
02851.png,5
02852.png,4
02853.png,1
02854.png,1
02855.png,0
02856.png,4
02857.png,7
02858.png,3
02859.png,6
02860.png,0
02861.png,5
02862.png,2
02863.png,2
02864.png,4
02865.png,8
02866.png,2
02867.png,5
02868.png,8
02869.png,2
02870.png,2
02871.png,2
02872.png,7
02873.png,4
02874.png,6
02875.png,8
02876.png,9
02877.png,7
02878.png,2
02879.png,1
02880.png,5
02881.png,6
02882.png,3
02883.png,8
02884.png,1
02885.png,8
02886.png,2
02887.png,4
02888.png,1
02889.png,1
02890.png,1
02891.png,6
02892.png,6
02893.png,5
02894.png,1
02895.png,8
02896.png,6
02897.png,7
02898.png,3
02899.png,7
02900.png,4
02901.png,9
02902.png,9
02903.png,2
02904.png,0
02905.png,1
02906.png,1
02907.png,1
02908.png,5
02909.png,4
02910.png,1
02911.png,2
02912.png,4
02913.png,9
02914.png,7
02915.png,7
02916.png,2
02917.png,6
02918.png,2
02919.png,0
02920.png,9
02921.png,4
02922.png,0
02923.png,2
02924.png,4
02925.png,0
02926.png,1
02927.png,0
02928.png,4
02929.png,8
02930.png,1
02931.png,9
02932.png,6
02933.png,7
02934.png,5
02935.png,2
02936.png,3
02937.png,2
02938.png,5
02939.png,4
02940.png,2
02941.png,8
02942.png,4
02943.png,7
02944.png,4
02945.png,4
02946.png,2
02947.png,5
02948.png,6
02949.png,5
02950.png,4
02951.png,0
02952.png,3
02953.png,8
02954.png,9
02955.png,4
02956.png,5
02957.png,6
02958.png,2
02959.png,7
02960.png,9
02961.png,6
02962.png,5
02963.png,0
02964.png,1
02965.png,0
02966.png,6
02967.png,9
02968.png,6
02969.png,0
02970.png,6
02971.png,0
02972.png,9
02973.png,4
02974.png,7
02975.png,5
02976.png,6
02977.png,2
02978.png,4
02979.png,0
02980.png,4
02981.png,6
02982.png,2
02983.png,2
02984.png,5
02985.png,3
02986.png,4
02987.png,9
02988.png,4
02989.png,2
02990.png,0
02991.png,1
02992.png,9
02993.png,7
02994.png,4
02995.png,1
02996.png,9
02997.png,6
02998.png,1
02999.png,5
03000.png,5
03001.png,4
03002.png,7
03003.png,7
03004.png,5
03005.png,0
03006.png,4
03007.png,1
03008.png,4
03009.png,5
03010.png,7
03011.png,3
03012.png,1
03013.png,8
03014.png,7
03015.png,5
03016.png,5
03017.png,9
03018.png,4
03019.png,2
03020.png,3
03021.png,4
03022.png,0
03023.png,5
03024.png,0
03025.png,8
03026.png,3
03027.png,6
03028.png,9
03029.png,9
03030.png,9
03031.png,2
03032.png,3
03033.png,3
03034.png,5
03035.png,3
03036.png,9
03037.png,6
03038.png,7
03039.png,7
03040.png,1
03041.png,1
03042.png,2
03043.png,6
03044.png,5
03045.png,9
03046.png,9
03047.png,6
03048.png,1
03049.png,7
03050.png,4
03051.png,0
03052.png,3
03053.png,6
03054.png,8
03055.png,7
03056.png,2
03057.png,9
03058.png,3
03059.png,2
03060.png,4
03061.png,6
03062.png,4
03063.png,4
03064.png,6
03065.png,7
03066.png,8
03067.png,4
03068.png,0
03069.png,3
03070.png,8
03071.png,7
03072.png,8
03073.png,9
03074.png,3
03075.png,0
03076.png,0
03077.png,5
03078.png,8
03079.png,0
03080.png,3
03081.png,6
03082.png,5
03083.png,0
03084.png,4
03085.png,0
03086.png,1
03087.png,7
03088.png,9
03089.png,0
03090.png,6
03091.png,1
03092.png,7
03093.png,6
03094.png,5
03095.png,1
03096.png,2
03097.png,4
03098.png,1
03099.png,6
03100.png,7
03101.png,3
03102.png,3
03103.png,5
03104.png,6
03105.png,3
03106.png,1
03107.png,6
03108.png,1
03109.png,1
03110.png,0
03111.png,3
03112.png,6
03113.png,0
03114.png,0
03115.png,8
03116.png,4
03117.png,4
03118.png,0
03119.png,3
03120.png,5
03121.png,9
03122.png,3
03123.png,1
03124.png,9
03125.png,5
03126.png,4
03127.png,2
03128.png,3
03129.png,3
03130.png,6
03131.png,1
03132.png,3
03133.png,7
03134.png,6
03135.png,9
03136.png,2
03137.png,2
03138.png,3
03139.png,2
03140.png,9
03141.png,0
03142.png,5
03143.png,2
03144.png,5
03145.png,8
03146.png,7
03147.png,5
03148.png,2
03149.png,8
03150.png,0
03151.png,2
03152.png,4
03153.png,3
03154.png,8
03155.png,1
03156.png,0
03157.png,8
03158.png,5
03159.png,9
03160.png,7
03161.png,3
03162.png,7
03163.png,3
03164.png,3
03165.png,4
03166.png,9
03167.png,8
03168.png,5
03169.png,3
03170.png,4
03171.png,0
03172.png,2
03173.png,3
03174.png,1
03175.png,5
03176.png,2
03177.png,3
03178.png,3
03179.png,7
03180.png,1
03181.png,4
03182.png,5
03183.png,5
03184.png,2
03185.png,8
03186.png,5
03187.png,5
03188.png,5
03189.png,5
03190.png,9
03191.png,9
03192.png,4
03193.png,2
03194.png,6
03195.png,8
03196.png,4
03197.png,4
03198.png,5
03199.png,7
03200.png,4
03201.png,2
03202.png,6
03203.png,7
03204.png,7
03205.png,0
03206.png,3
03207.png,1
03208.png,7
03209.png,2
03210.png,7
03211.png,5
03212.png,3
03213.png,7
03214.png,5
03215.png,4
03216.png,6
03217.png,3
03218.png,4
03219.png,1
03220.png,8
03221.png,2
03222.png,6
03223.png,7
03224.png,1
03225.png,8
03226.png,6
03227.png,3
03228.png,1
03229.png,5
03230.png,8
03231.png,7
03232.png,0
03233.png,2
03234.png,9
03235.png,6
03236.png,2
03237.png,9
03238.png,8
03239.png,6
03240.png,3
03241.png,2
03242.png,3
03243.png,2
03244.png,0
03245.png,8
03246.png,3
03247.png,0
03248.png,0
03249.png,9
03250.png,1
03251.png,9
03252.png,0
03253.png,9
03254.png,6
03255.png,3
03256.png,3
03257.png,7
03258.png,2
03259.png,0
03260.png,5
03261.png,4
03262.png,1
03263.png,7
03264.png,2
03265.png,6
03266.png,8
03267.png,3
03268.png,5
03269.png,8
03270.png,8
03271.png,2
03272.png,0
03273.png,5
03274.png,3
03275.png,1
03276.png,9
03277.png,0
03278.png,9
03279.png,2
03280.png,8
03281.png,3
03282.png,5
03283.png,8
03284.png,2
03285.png,3
03286.png,3
03287.png,6
03288.png,0
03289.png,3
03290.png,9
03291.png,1
03292.png,4
03293.png,9
03294.png,7
03295.png,1
03296.png,0
03297.png,4
03298.png,9
03299.png,8
03300.png,9
03301.png,9
03302.png,6
03303.png,3
03304.png,4
03305.png,0
03306.png,1
03307.png,2
03308.png,5
03309.png,9
03310.png,3
03311.png,4
03312.png,8
03313.png,5
03314.png,3
03315.png,1
03316.png,6
03317.png,1
03318.png,0
03319.png,5
03320.png,7
03321.png,2
03322.png,2
03323.png,4
03324.png,1
03325.png,2
03326.png,7
03327.png,3
03328.png,0
03329.png,2
03330.png,1
03331.png,6
03332.png,7
03333.png,6
03334.png,6
03335.png,7
03336.png,5
03337.png,4
03338.png,3
03339.png,9
03340.png,2
03341.png,2
03342.png,7
03343.png,7
03344.png,6
03345.png,6
03346.png,1
03347.png,7
03348.png,8
03349.png,4
03350.png,1
03351.png,0
03352.png,5
03353.png,6
03354.png,4
03355.png,7
03356.png,1
03357.png,9
03358.png,2
03359.png,5
03360.png,1
03361.png,0
03362.png,5
03363.png,6
03364.png,7
03365.png,1
03366.png,3
03367.png,1
03368.png,4
03369.png,7
03370.png,9
03371.png,4
03372.png,2
03373.png,7
03374.png,9
03375.png,9
03376.png,9
03377.png,7
03378.png,2
03379.png,1
03380.png,3
03381.png,5
03382.png,6
03383.png,4
03384.png,8
03385.png,1
03386.png,0
03387.png,9
03388.png,6
03389.png,0
03390.png,1
03391.png,7
03392.png,9
03393.png,1
03394.png,6
03395.png,2
03396.png,8
03397.png,5
03398.png,0
03399.png,4
03400.png,1
03401.png,3
03402.png,5
03403.png,9
03404.png,0
03405.png,6
03406.png,6
03407.png,1
03408.png,5
03409.png,9
03410.png,6
03411.png,4
03412.png,2
03413.png,9
03414.png,3
03415.png,2
03416.png,7
03417.png,9
03418.png,2
03419.png,4
03420.png,0
03421.png,7
03422.png,9
03423.png,5
03424.png,4
03425.png,1
03426.png,2
03427.png,7
03428.png,8
03429.png,2
03430.png,8
03431.png,8
03432.png,4
03433.png,6
03434.png,6
03435.png,2
03436.png,0
03437.png,6
03438.png,0
03439.png,5
03440.png,3
03441.png,8
03442.png,1
03443.png,2
03444.png,1
03445.png,6
03446.png,2
03447.png,8
03448.png,5
03449.png,0
03450.png,7
03451.png,2
03452.png,7
03453.png,9
03454.png,6
03455.png,7
03456.png,5
03457.png,1
03458.png,0
03459.png,8
03460.png,3
03461.png,2
03462.png,0
03463.png,5
03464.png,2
03465.png,7
03466.png,6
03467.png,3
03468.png,0
03469.png,6
03470.png,3
03471.png,5
03472.png,4
03473.png,7
03474.png,6
03475.png,5
03476.png,0
03477.png,0
03478.png,0
03479.png,1
03480.png,6
03481.png,8
03482.png,1
03483.png,6
03484.png,7
03485.png,0
03486.png,8
03487.png,6
03488.png,5
03489.png,0
03490.png,9
03491.png,5
03492.png,6
03493.png,7
03494.png,0
03495.png,2
03496.png,8
03497.png,0
03498.png,8
03499.png,5
03500.png,8
03501.png,9
03502.png,0
03503.png,5
03504.png,0
03505.png,6
03506.png,0
03507.png,9
03508.png,6
03509.png,3
03510.png,8
03511.png,1
03512.png,2
03513.png,7
03514.png,8
03515.png,5
03516.png,5
03517.png,3
03518.png,9
03519.png,5
03520.png,5
03521.png,8
03522.png,0
03523.png,0
03524.png,5
03525.png,8
03526.png,4
03527.png,6
03528.png,8
03529.png,3
03530.png,4
03531.png,8
03532.png,9
03533.png,5
03534.png,9
03535.png,4
03536.png,6
03537.png,9
03538.png,9
03539.png,8
03540.png,9
03541.png,3
03542.png,1
03543.png,2
03544.png,8
03545.png,2
03546.png,2
03547.png,9
03548.png,5
03549.png,5
03550.png,1
03551.png,7
03552.png,0
03553.png,0
03554.png,6
03555.png,3
03556.png,6
03557.png,8
03558.png,9
03559.png,6
03560.png,4
03561.png,9
03562.png,5
03563.png,0
03564.png,5
03565.png,3
03566.png,6
03567.png,0
03568.png,5
03569.png,3
03570.png,0
03571.png,5
03572.png,9
03573.png,1
03574.png,6
03575.png,2
03576.png,7
03577.png,6
03578.png,0
03579.png,3
03580.png,5
03581.png,4
03582.png,6
03583.png,3
03584.png,4
03585.png,1
03586.png,4
03587.png,4
03588.png,6
03589.png,3
03590.png,5
03591.png,9
03592.png,7
03593.png,9
03594.png,3
03595.png,4
03596.png,0
03597.png,4
03598.png,6
03599.png,4
03600.png,3
03601.png,8
03602.png,3
03603.png,2
03604.png,9
03605.png,1
03606.png,8
03607.png,1
03608.png,5
03609.png,6
03610.png,4
03611.png,2
03612.png,8
03613.png,7
03614.png,3
03615.png,3
03616.png,8
03617.png,6
03618.png,3
03619.png,9
03620.png,8
03621.png,7
03622.png,0
03623.png,8
03624.png,7
03625.png,0
03626.png,5
03627.png,9
03628.png,3
03629.png,4
03630.png,8
03631.png,4
03632.png,7
03633.png,0
03634.png,8
03635.png,2
03636.png,5
03637.png,5
03638.png,6
03639.png,3
03640.png,3
03641.png,0
03642.png,6
03643.png,8
03644.png,7
03645.png,4
03646.png,2
03647.png,5
03648.png,8
03649.png,2
03650.png,9
03651.png,9
03652.png,0
03653.png,3
03654.png,5
03655.png,7
03656.png,2
03657.png,8
03658.png,3
03659.png,2
03660.png,8
03661.png,7
03662.png,8
03663.png,6
03664.png,3
03665.png,9
03666.png,1
03667.png,7
03668.png,6
03669.png,9
03670.png,9
03671.png,1
03672.png,2
03673.png,7
03674.png,7
03675.png,6
03676.png,0
03677.png,0
03678.png,4
03679.png,7
03680.png,2
03681.png,7
03682.png,2
03683.png,0
03684.png,9
03685.png,4
03686.png,0
03687.png,6
03688.png,7
03689.png,6
03690.png,5
03691.png,3
03692.png,5
03693.png,4
03694.png,5
03695.png,8
03696.png,7
03697.png,3
03698.png,9
03699.png,0
03700.png,5
03701.png,5
03702.png,5
03703.png,7
03704.png,7
03705.png,7
03706.png,2
03707.png,1
03708.png,6
03709.png,7
03710.png,1
03711.png,5
03712.png,3
03713.png,2
03714.png,2
03715.png,3
03716.png,8
03717.png,8
03718.png,6
03719.png,9
03720.png,0
03721.png,9
03722.png,8
03723.png,6
03724.png,3
03725.png,9
03726.png,6
03727.png,0
03728.png,4
03729.png,5
03730.png,8
03731.png,8
03732.png,5
03733.png,5
03734.png,5
03735.png,4
03736.png,2
03737.png,7
03738.png,1
03739.png,0
03740.png,3
03741.png,4
03742.png,4
03743.png,9
03744.png,4
03745.png,5
03746.png,0
03747.png,0
03748.png,2
03749.png,3
03750.png,0
03751.png,8
03752.png,3
03753.png,8
03754.png,0
03755.png,7
03756.png,6
03757.png,5
03758.png,5
03759.png,2
03760.png,5
03761.png,4
03762.png,5
03763.png,2
03764.png,7
03765.png,3
03766.png,8
03767.png,3
03768.png,0
03769.png,3
03770.png,0
03771.png,7
03772.png,3
03773.png,0
03774.png,8
03775.png,0
03776.png,4
03777.png,2
03778.png,9
03779.png,4
03780.png,1
03781.png,7
03782.png,2
03783.png,0
03784.png,2
03785.png,1
03786.png,5
03787.png,9
03788.png,7
03789.png,8
03790.png,6
03791.png,9
03792.png,1
03793.png,5
03794.png,3
03795.png,4
03796.png,9
03797.png,2
03798.png,8
03799.png,2
03800.png,0
03801.png,8
03802.png,5
03803.png,6
03804.png,6
03805.png,5
03806.png,5
03807.png,4
03808.png,0
03809.png,5
03810.png,3
03811.png,9
03812.png,6
03813.png,9
03814.png,9
03815.png,3
03816.png,8
03817.png,1
03818.png,9
03819.png,9
03820.png,2
03821.png,1
03822.png,7
03823.png,6
03824.png,4
03825.png,3
03826.png,5
03827.png,3
03828.png,5
03829.png,1
03830.png,4
03831.png,5
03832.png,5
03833.png,9
03834.png,2
03835.png,0
03836.png,6
03837.png,9
03838.png,1
03839.png,1
03840.png,6
03841.png,0
03842.png,3
03843.png,2
03844.png,2
03845.png,9
03846.png,0
03847.png,6
03848.png,4
03849.png,1
03850.png,2
03851.png,4
03852.png,1
03853.png,6
03854.png,2
03855.png,1
03856.png,5
03857.png,5
03858.png,7
03859.png,6
03860.png,5
03861.png,1
03862.png,5
03863.png,2
03864.png,4
03865.png,9
03866.png,3
03867.png,1
03868.png,0
03869.png,6
03870.png,7
03871.png,8
03872.png,9
03873.png,6
03874.png,7
03875.png,5
03876.png,3
03877.png,2
03878.png,0
03879.png,0
03880.png,5
03881.png,8
03882.png,6
03883.png,9
03884.png,8
03885.png,3
03886.png,8
03887.png,3
03888.png,1
03889.png,7
03890.png,4
03891.png,9
03892.png,9
03893.png,0
03894.png,9
03895.png,0
03896.png,1
03897.png,2
03898.png,1
03899.png,0
03900.png,4
03901.png,7
03902.png,8
03903.png,3
03904.png,5
03905.png,1
03906.png,5
03907.png,3
03908.png,2
03909.png,5
03910.png,6
03911.png,0
03912.png,3
03913.png,1
03914.png,1
03915.png,6
03916.png,4
03917.png,5
03918.png,1
03919.png,9
03920.png,2
03921.png,2
03922.png,7
03923.png,9
03924.png,7
03925.png,4
03926.png,7
03927.png,8
03928.png,1
03929.png,8
03930.png,7
03931.png,3
03932.png,5
03933.png,8
03934.png,2
03935.png,7
03936.png,9
03937.png,0
03938.png,7
03939.png,8
03940.png,8
03941.png,9
03942.png,6
03943.png,8
03944.png,7
03945.png,2
03946.png,7
03947.png,3
03948.png,9
03949.png,7
03950.png,7
03951.png,5
03952.png,8
03953.png,7
03954.png,4
03955.png,9
03956.png,4
03957.png,8
03958.png,4
03959.png,2
03960.png,3
03961.png,5
03962.png,7
03963.png,7
03964.png,1
03965.png,4
03966.png,8
03967.png,0
03968.png,6
03969.png,0
03970.png,9
03971.png,2
03972.png,0
03973.png,3
03974.png,2
03975.png,9
03976.png,2
03977.png,1
03978.png,6
03979.png,6
03980.png,0
03981.png,8
03982.png,8
03983.png,4
03984.png,4
03985.png,4
03986.png,6
03987.png,2
03988.png,2
03989.png,8
03990.png,3
03991.png,7
03992.png,9
03993.png,8
03994.png,3
03995.png,9
03996.png,3
03997.png,1
03998.png,1
03999.png,3
04000.png,1
04001.png,9
04002.png,8
04003.png,4
04004.png,6
04005.png,3
04006.png,3
04007.png,3
04008.png,0
04009.png,3
04010.png,4
04011.png,6
04012.png,5
04013.png,4
04014.png,5
04015.png,2
04016.png,4
04017.png,5
04018.png,8
04019.png,5
04020.png,0
04021.png,0
04022.png,4
04023.png,0
04024.png,0
04025.png,4
04026.png,2
04027.png,4
04028.png,5
04029.png,2
04030.png,0
04031.png,2
04032.png,7
04033.png,0
04034.png,4
04035.png,4
04036.png,3
04037.png,5
04038.png,2
04039.png,4
04040.png,0
04041.png,9
04042.png,1
04043.png,2
04044.png,5
04045.png,5
04046.png,5
04047.png,7
04048.png,9
04049.png,4
04050.png,4
04051.png,0
04052.png,4
04053.png,2
04054.png,4
04055.png,3
04056.png,3
04057.png,1
04058.png,5
04059.png,5
04060.png,3
04061.png,1
04062.png,2
04063.png,5
04064.png,7
04065.png,8
04066.png,0
04067.png,3
04068.png,5
04069.png,8
04070.png,2
04071.png,8
04072.png,3
04073.png,3
04074.png,2
04075.png,7
04076.png,2
04077.png,3
04078.png,0
04079.png,8
04080.png,7
04081.png,3
04082.png,2
04083.png,3
04084.png,5
04085.png,5
04086.png,0
04087.png,4
04088.png,5
04089.png,6
04090.png,4
04091.png,4
04092.png,7
04093.png,9
04094.png,6
04095.png,8
04096.png,4
04097.png,8
04098.png,1
04099.png,2
04100.png,4
04101.png,2
04102.png,6
04103.png,6
04104.png,0
04105.png,7
04106.png,6
04107.png,9
04108.png,9
04109.png,7
04110.png,6
04111.png,2
04112.png,1
04113.png,1
04114.png,8
04115.png,2
04116.png,2
04117.png,5
04118.png,5
04119.png,2
04120.png,7
04121.png,1
04122.png,2
04123.png,3
04124.png,3
04125.png,6
04126.png,8
04127.png,8
04128.png,1
04129.png,8
04130.png,6
04131.png,2
04132.png,6
04133.png,3
04134.png,9
04135.png,0
04136.png,4
04137.png,4
04138.png,4
04139.png,5
04140.png,0
04141.png,5
04142.png,8
04143.png,8
04144.png,7
04145.png,1
04146.png,2
04147.png,5
04148.png,4
04149.png,9
04150.png,7
04151.png,1
04152.png,7
04153.png,5
04154.png,3
04155.png,3
04156.png,9
04157.png,9
04158.png,5
04159.png,5
04160.png,7
04161.png,8
04162.png,7
04163.png,1
04164.png,1
04165.png,7
04166.png,5
04167.png,9
04168.png,7
04169.png,0
04170.png,5
04171.png,9
04172.png,1
04173.png,6
04174.png,9
04175.png,6
04176.png,1
04177.png,3
04178.png,6
04179.png,7
04180.png,2
04181.png,9
04182.png,9
04183.png,5
04184.png,6
04185.png,7
04186.png,8
04187.png,1
04188.png,2
04189.png,4
04190.png,6
04191.png,9
04192.png,3
04193.png,7
04194.png,2
04195.png,0
04196.png,5
04197.png,2
04198.png,7
04199.png,4
04200.png,9
04201.png,7
04202.png,1
04203.png,8
04204.png,8
04205.png,6
04206.png,2
04207.png,3
04208.png,0
04209.png,5
04210.png,0
04211.png,4
04212.png,3
04213.png,8
04214.png,7
04215.png,9
04216.png,7
04217.png,0
04218.png,6
04219.png,0
04220.png,8
04221.png,3
04222.png,2
04223.png,2
04224.png,8
04225.png,7
04226.png,6
04227.png,8
04228.png,3
04229.png,5
04230.png,9
04231.png,7
04232.png,3
04233.png,1
04234.png,8
04235.png,4
04236.png,5
04237.png,6
04238.png,4
04239.png,0
04240.png,2
04241.png,0
04242.png,5
04243.png,6
04244.png,7
04245.png,0
04246.png,7
04247.png,4
04248.png,8
04249.png,8
04250.png,6
04251.png,0
04252.png,0
04253.png,9
04254.png,4
04255.png,7
04256.png,1
04257.png,4
04258.png,4
04259.png,6
04260.png,9
04261.png,6
04262.png,5
04263.png,3
04264.png,7
04265.png,4
04266.png,6
04267.png,2
04268.png,0
04269.png,0
04270.png,6
04271.png,0
04272.png,8
04273.png,6
04274.png,4
04275.png,1
04276.png,0
04277.png,5
04278.png,4
04279.png,7
04280.png,6
04281.png,1
04282.png,0
04283.png,4
04284.png,1
04285.png,2
04286.png,1
04287.png,0
04288.png,0
04289.png,6
04290.png,6
04291.png,4
04292.png,7
04293.png,2
04294.png,3
04295.png,4
04296.png,6
04297.png,5
04298.png,9
04299.png,5
04300.png,9
04301.png,3
04302.png,7
04303.png,2
04304.png,9
04305.png,0
04306.png,6
04307.png,6
04308.png,8
04309.png,3
04310.png,3
04311.png,6
04312.png,4
04313.png,2
04314.png,2
04315.png,9
04316.png,5
04317.png,1
04318.png,6
04319.png,5
04320.png,8
04321.png,9
04322.png,2
04323.png,7
04324.png,3
04325.png,6
04326.png,5
04327.png,8
04328.png,2
04329.png,3
04330.png,0
04331.png,4
04332.png,5
04333.png,1
04334.png,5
04335.png,8
04336.png,5
04337.png,1
04338.png,7
04339.png,3
04340.png,6
04341.png,7
04342.png,6
04343.png,0
04344.png,9
04345.png,8
04346.png,3
04347.png,2
04348.png,4
04349.png,0
04350.png,4
04351.png,7
04352.png,2
04353.png,7
04354.png,1
04355.png,6
04356.png,3
04357.png,4
04358.png,1
04359.png,4
04360.png,2
04361.png,9
04362.png,9
04363.png,9
04364.png,4
04365.png,9
04366.png,1
04367.png,5
04368.png,2
04369.png,9
04370.png,3
04371.png,6
04372.png,5
04373.png,0
04374.png,0
04375.png,4
04376.png,8
04377.png,0
04378.png,0
04379.png,3
04380.png,0
04381.png,2
04382.png,4
04383.png,9
04384.png,0
04385.png,6
04386.png,5
04387.png,5
04388.png,8
04389.png,2
04390.png,1
04391.png,3
04392.png,9
04393.png,6
04394.png,0
04395.png,9
04396.png,8
04397.png,4
04398.png,2
04399.png,2
04400.png,0
04401.png,9
04402.png,4
04403.png,5
04404.png,0
04405.png,3
04406.png,1
04407.png,8
04408.png,5
04409.png,3
04410.png,2
04411.png,5
04412.png,2
04413.png,1
04414.png,4
04415.png,2
04416.png,4
04417.png,0
04418.png,4
04419.png,0
04420.png,8
04421.png,6
04422.png,7
04423.png,7
04424.png,7
04425.png,5
04426.png,8
04427.png,1
04428.png,2
04429.png,6
04430.png,8
04431.png,0
04432.png,1
04433.png,7
04434.png,2
04435.png,7
04436.png,3
04437.png,1
04438.png,7
04439.png,5
04440.png,0
04441.png,7
04442.png,8
04443.png,3
04444.png,3
04445.png,5
04446.png,6
04447.png,4
04448.png,7
04449.png,8
04450.png,6
04451.png,8
04452.png,6
04453.png,5
04454.png,0
04455.png,3
04456.png,5
04457.png,8
04458.png,2
04459.png,8
04460.png,1
04461.png,5
04462.png,6
04463.png,0
04464.png,9
04465.png,0
04466.png,5
04467.png,9
04468.png,1
04469.png,2
04470.png,1
04471.png,8
04472.png,8
04473.png,4
04474.png,4
04475.png,7
04476.png,3
04477.png,7
04478.png,7
04479.png,3
04480.png,6
04481.png,6
04482.png,1
04483.png,2
04484.png,0
04485.png,6
04486.png,8
04487.png,6
04488.png,8
04489.png,2
04490.png,3
04491.png,4
04492.png,4
04493.png,5
04494.png,7
04495.png,6
04496.png,3
04497.png,2
04498.png,2
04499.png,7
04500.png,1
04501.png,6
04502.png,2
04503.png,7
04504.png,2
04505.png,8
04506.png,2
04507.png,3
04508.png,0
04509.png,8
04510.png,4
04511.png,9
04512.png,1
04513.png,0
04514.png,3
04515.png,7
04516.png,1
04517.png,5
04518.png,6
04519.png,0
04520.png,8
04521.png,4
04522.png,2
04523.png,0
04524.png,7
04525.png,8
04526.png,6
04527.png,7
04528.png,8
04529.png,2
04530.png,7
04531.png,4
04532.png,2
04533.png,1
04534.png,4
04535.png,8
04536.png,1
04537.png,5
04538.png,1
04539.png,2
04540.png,5
04541.png,1
04542.png,8
04543.png,1
04544.png,3
04545.png,1
04546.png,9
04547.png,3
04548.png,3
04549.png,6
04550.png,4
04551.png,4
04552.png,9
04553.png,2
04554.png,5
04555.png,1
04556.png,9
04557.png,1
04558.png,0
04559.png,1
04560.png,7
04561.png,4
04562.png,8
04563.png,2
04564.png,4
04565.png,0
04566.png,4
04567.png,4
04568.png,5
04569.png,9
04570.png,5
04571.png,8
04572.png,7
04573.png,3
04574.png,7
04575.png,9
04576.png,1
04577.png,6
04578.png,7
04579.png,9
04580.png,3
04581.png,4
04582.png,9
04583.png,8
04584.png,4
04585.png,2
04586.png,1
04587.png,6
04588.png,3
04589.png,8
04590.png,4
04591.png,0
04592.png,1
04593.png,7
04594.png,7
04595.png,8
04596.png,2
04597.png,8
04598.png,5
04599.png,7
04600.png,5
04601.png,4
04602.png,5
04603.png,5
04604.png,1
04605.png,8
04606.png,2
04607.png,7
04608.png,0
04609.png,1
04610.png,8
04611.png,3
04612.png,8
04613.png,5
04614.png,5
04615.png,5
04616.png,0
04617.png,3
04618.png,4
04619.png,7
04620.png,8
04621.png,3
04622.png,3
04623.png,8
04624.png,3
04625.png,9
04626.png,8
04627.png,7
04628.png,0
04629.png,6
04630.png,3
04631.png,8
04632.png,3
04633.png,0
04634.png,2
04635.png,6
04636.png,7
04637.png,8
04638.png,2
04639.png,7
04640.png,3
04641.png,9
04642.png,2
04643.png,9
04644.png,6
04645.png,3
04646.png,1
04647.png,0
04648.png,3
04649.png,9
04650.png,0
04651.png,2
04652.png,8
04653.png,2
04654.png,1
04655.png,6
04656.png,0
04657.png,6
04658.png,5
04659.png,8
04660.png,6
04661.png,5
04662.png,0
04663.png,9
04664.png,6
04665.png,9
04666.png,4
04667.png,9
04668.png,6
04669.png,0
04670.png,3
04671.png,0
04672.png,4
04673.png,2
04674.png,9
04675.png,8
04676.png,6
04677.png,1
04678.png,5
04679.png,9
04680.png,3
04681.png,6
04682.png,5
04683.png,3
04684.png,1
04685.png,8
04686.png,6
04687.png,2
04688.png,1
04689.png,8
04690.png,0
04691.png,8
04692.png,1
04693.png,0
04694.png,9
04695.png,1
04696.png,9
04697.png,8
04698.png,1
04699.png,6
04700.png,5
04701.png,2
04702.png,1
04703.png,4
04704.png,2
04705.png,8
04706.png,6
04707.png,9
04708.png,2
04709.png,8
04710.png,1
04711.png,6
04712.png,6
04713.png,9
04714.png,8
04715.png,7
04716.png,7
04717.png,9
04718.png,4
04719.png,9
04720.png,0
04721.png,2
04722.png,5
04723.png,6
04724.png,2
04725.png,8
04726.png,3
04727.png,7
04728.png,9
04729.png,9
04730.png,1
04731.png,5
04732.png,1
04733.png,6
04734.png,7
04735.png,8
04736.png,3
04737.png,2
04738.png,5
04739.png,2
04740.png,7
04741.png,4
04742.png,1
04743.png,4
04744.png,2
04745.png,2
04746.png,0
04747.png,5
04748.png,3
04749.png,0
04750.png,0
04751.png,7
04752.png,7
04753.png,7
04754.png,1
04755.png,6
04756.png,2
04757.png,4
04758.png,8
04759.png,7
04760.png,0
04761.png,4
04762.png,5
04763.png,7
04764.png,9
04765.png,0
04766.png,8
04767.png,4
04768.png,4
04769.png,6
04770.png,5
04771.png,1
04772.png,8
04773.png,9
04774.png,5
04775.png,7
04776.png,8
04777.png,6
04778.png,8
04779.png,7
04780.png,0
04781.png,6
04782.png,7
04783.png,5
04784.png,2
04785.png,0
04786.png,1
04787.png,1
04788.png,9
04789.png,7
04790.png,1
04791.png,6
04792.png,6
04793.png,1
04794.png,7
04795.png,2
04796.png,0
04797.png,6
04798.png,7
04799.png,4
04800.png,3
04801.png,5
04802.png,6
04803.png,0
04804.png,3
04805.png,7
04806.png,7
04807.png,4
04808.png,4
04809.png,5
04810.png,2
04811.png,5
04812.png,3
04813.png,0
04814.png,0
04815.png,5
04816.png,8
04817.png,2
04818.png,2
04819.png,1
04820.png,6
04821.png,7
04822.png,4
04823.png,2
04824.png,2
04825.png,2
04826.png,2
04827.png,7
04828.png,3
04829.png,9
04830.png,9
04831.png,0
04832.png,0
04833.png,6
04834.png,2
04835.png,7
04836.png,7
04837.png,5
04838.png,4
04839.png,5
04840.png,6
04841.png,5
04842.png,4
04843.png,0
04844.png,1
04845.png,2
04846.png,7
04847.png,3
04848.png,9
04849.png,7
04850.png,2
04851.png,2
04852.png,0
04853.png,8
04854.png,8
04855.png,2
04856.png,2
04857.png,9
04858.png,2
04859.png,3
04860.png,0
04861.png,4
04862.png,8
04863.png,3
04864.png,2
04865.png,4
04866.png,2
04867.png,9
04868.png,8
04869.png,9
04870.png,0
04871.png,4
04872.png,9
04873.png,8
04874.png,6
04875.png,8
04876.png,6
04877.png,3
04878.png,4
04879.png,0
04880.png,7
04881.png,6
04882.png,2
04883.png,8
04884.png,1
04885.png,2
04886.png,6
04887.png,2
04888.png,4
04889.png,0
04890.png,0
04891.png,2
04892.png,5
04893.png,5
04894.png,5
04895.png,5
04896.png,2
04897.png,0
04898.png,6
04899.png,6
04900.png,9
04901.png,5
04902.png,7
04903.png,0
04904.png,6
04905.png,2
04906.png,7
04907.png,7
04908.png,1
04909.png,7
04910.png,4
04911.png,5
04912.png,7
04913.png,2
04914.png,7
04915.png,0
04916.png,0
04917.png,6
04918.png,3
04919.png,9
04920.png,1
04921.png,4
04922.png,5
04923.png,6
04924.png,8
04925.png,0
04926.png,3
04927.png,6
04928.png,5
04929.png,3
04930.png,8
04931.png,2
04932.png,2
04933.png,5
04934.png,7
04935.png,0
04936.png,3
04937.png,6
04938.png,8
04939.png,2
04940.png,8
04941.png,6
04942.png,8
04943.png,7
04944.png,9
04945.png,8
04946.png,0
04947.png,6
04948.png,5
04949.png,1
04950.png,1
04951.png,4
04952.png,7
04953.png,5
04954.png,9
04955.png,3
04956.png,7
04957.png,8
04958.png,2
04959.png,4
04960.png,0
04961.png,4
04962.png,6
04963.png,9
04964.png,6
04965.png,8
04966.png,3
04967.png,4
04968.png,0
04969.png,0
04970.png,3
04971.png,5
04972.png,8
04973.png,5
04974.png,8
04975.png,2
04976.png,5
04977.png,2
04978.png,4
04979.png,6
04980.png,2
04981.png,1
04982.png,1
04983.png,5
04984.png,8
04985.png,7
04986.png,0
04987.png,7
04988.png,0
04989.png,7
04990.png,0
04991.png,1
04992.png,9
04993.png,1
04994.png,8
04995.png,2
04996.png,7
04997.png,9
04998.png,3
04999.png,6
05000.png,7
05001.png,1
05002.png,9
05003.png,6
05004.png,7
05005.png,9
05006.png,0
05007.png,3
05008.png,3
05009.png,2
05010.png,0
05011.png,6
05012.png,9
05013.png,0
05014.png,4
05015.png,3
05016.png,4
05017.png,2
05018.png,8
05019.png,7
05020.png,0
05021.png,9
05022.png,1
05023.png,3
05024.png,1
05025.png,5
05026.png,8
05027.png,7
05028.png,1
05029.png,0
05030.png,4
05031.png,8
05032.png,8
05033.png,4
05034.png,0
05035.png,5
05036.png,1
05037.png,1
05038.png,6
05039.png,3
05040.png,3
05041.png,1
05042.png,1
05043.png,8
05044.png,8
05045.png,0
05046.png,9
05047.png,5
05048.png,2
05049.png,3
05050.png,4
05051.png,8
05052.png,0
05053.png,6
05054.png,3
05055.png,5
05056.png,0
05057.png,8
05058.png,2
05059.png,9
05060.png,5
05061.png,7
05062.png,4
05063.png,8
05064.png,4
05065.png,7
05066.png,8
05067.png,4
05068.png,2
05069.png,5
05070.png,0
05071.png,4
05072.png,1
05073.png,2
05074.png,4
05075.png,7
05076.png,4
05077.png,7
05078.png,8
05079.png,4
05080.png,5
05081.png,0
05082.png,7
05083.png,8
05084.png,0
05085.png,3
05086.png,8
05087.png,2
05088.png,1
05089.png,1
05090.png,0
05091.png,7
05092.png,3
05093.png,6
05094.png,8
05095.png,1
05096.png,3
05097.png,0
05098.png,8
05099.png,7
05100.png,8
05101.png,8
05102.png,2
05103.png,4
05104.png,2
05105.png,9
05106.png,6
05107.png,3
05108.png,6
05109.png,0
05110.png,6
05111.png,7
05112.png,2
05113.png,8
05114.png,5
05115.png,3
05116.png,3
05117.png,1
05118.png,5
05119.png,0
05120.png,6
05121.png,7
05122.png,7
05123.png,6
05124.png,7
05125.png,0
05126.png,3
05127.png,5
05128.png,3
05129.png,2
05130.png,1
05131.png,5
05132.png,1
05133.png,8
05134.png,3
05135.png,8
05136.png,6
05137.png,1
05138.png,5
05139.png,4
05140.png,8
05141.png,7
05142.png,1
05143.png,7
05144.png,9
05145.png,1
05146.png,6
05147.png,6
05148.png,8
05149.png,8
05150.png,6
05151.png,6
05152.png,8
05153.png,3
05154.png,7
05155.png,5
05156.png,1
05157.png,5
05158.png,7
05159.png,1
05160.png,4
05161.png,2
05162.png,8
05163.png,7
05164.png,5
05165.png,6
05166.png,5
05167.png,5
05168.png,1
05169.png,5
05170.png,7
05171.png,7
05172.png,2
05173.png,6
05174.png,3
05175.png,5
05176.png,8
05177.png,3
05178.png,9
05179.png,6
05180.png,5
05181.png,7
05182.png,5
05183.png,6
05184.png,0
05185.png,2
05186.png,7
05187.png,1
05188.png,7
05189.png,6
05190.png,6
05191.png,1
05192.png,0
05193.png,0
05194.png,5
05195.png,6
05196.png,9
05197.png,5
05198.png,2
05199.png,4
05200.png,8
05201.png,0
05202.png,5
05203.png,2
05204.png,1
05205.png,6
05206.png,3
05207.png,5
05208.png,9
05209.png,0
05210.png,3
05211.png,9
05212.png,5
05213.png,3
05214.png,7
05215.png,0
05216.png,3
05217.png,1
05218.png,4
05219.png,9
05220.png,6
05221.png,7
05222.png,6
05223.png,2
05224.png,8
05225.png,0
05226.png,9
05227.png,3
05228.png,9
05229.png,0
05230.png,8
05231.png,2
05232.png,4
05233.png,4
05234.png,5
05235.png,1
05236.png,9
05237.png,4
05238.png,6
05239.png,5
05240.png,1
05241.png,0
05242.png,8
05243.png,4
05244.png,8
05245.png,1
05246.png,0
05247.png,3
05248.png,6
05249.png,5
05250.png,8
05251.png,5
05252.png,3
05253.png,6
05254.png,7
05255.png,3
05256.png,4
05257.png,2
05258.png,5
05259.png,2
05260.png,1
05261.png,9
05262.png,1
05263.png,4
05264.png,4
05265.png,3
05266.png,1
05267.png,8
05268.png,1
05269.png,2
05270.png,0
05271.png,3
05272.png,1
05273.png,2
05274.png,7
05275.png,1
05276.png,2
05277.png,0
05278.png,6
05279.png,0
05280.png,9
05281.png,9
05282.png,8
05283.png,4
05284.png,5
05285.png,9
05286.png,8
05287.png,2
05288.png,4
05289.png,6
05290.png,0
05291.png,1
05292.png,1
05293.png,4
05294.png,7
05295.png,7
05296.png,0
05297.png,0
05298.png,5
05299.png,8
05300.png,3
05301.png,1
05302.png,7
05303.png,4
05304.png,7
05305.png,2
05306.png,9
05307.png,4
05308.png,5
05309.png,0
05310.png,7
05311.png,6
05312.png,7
05313.png,4
05314.png,8
05315.png,4
05316.png,5
05317.png,8
05318.png,5
05319.png,1
05320.png,5
05321.png,5
05322.png,5
05323.png,0
05324.png,2
05325.png,7
05326.png,8
05327.png,3
05328.png,8
05329.png,7
05330.png,7
05331.png,4
05332.png,8
05333.png,9
05334.png,0
05335.png,8
05336.png,5
05337.png,0
05338.png,9
05339.png,0
05340.png,7
05341.png,9
05342.png,1
05343.png,3
05344.png,0
05345.png,4
05346.png,1
05347.png,7
05348.png,6
05349.png,5
05350.png,5
05351.png,1
05352.png,6
05353.png,1
05354.png,3
05355.png,2
05356.png,2
05357.png,8
05358.png,4
05359.png,7
05360.png,8
05361.png,4
05362.png,7
05363.png,5
05364.png,2
05365.png,7
05366.png,2
05367.png,4
05368.png,9
05369.png,1
05370.png,0
05371.png,4
05372.png,6
05373.png,6
05374.png,6
05375.png,8
05376.png,5
05377.png,5
05378.png,7
05379.png,6
05380.png,6
05381.png,2
05382.png,4
05383.png,2
05384.png,1
05385.png,4
05386.png,2
05387.png,4
05388.png,6
05389.png,5
05390.png,5
05391.png,6
05392.png,3
05393.png,3
05394.png,5
05395.png,7
05396.png,4
05397.png,5
05398.png,0
05399.png,4
05400.png,5
05401.png,8
05402.png,5
05403.png,3
05404.png,0
05405.png,8
05406.png,0
05407.png,7
05408.png,2
05409.png,4
05410.png,0
05411.png,5
05412.png,2
05413.png,0
05414.png,6
05415.png,3
05416.png,9
05417.png,2
05418.png,2
05419.png,7
05420.png,7
05421.png,5
05422.png,6
05423.png,7
05424.png,7
05425.png,7
05426.png,9
05427.png,9
05428.png,1
05429.png,6
05430.png,9
05431.png,7
05432.png,4
05433.png,0
05434.png,8
05435.png,6
05436.png,5
05437.png,6
05438.png,9
05439.png,1
05440.png,3
05441.png,6
05442.png,0
05443.png,0
05444.png,7
05445.png,2
05446.png,1
05447.png,6
05448.png,1
05449.png,7
05450.png,9
05451.png,0
05452.png,0
05453.png,3
05454.png,7
05455.png,6
05456.png,7
05457.png,4
05458.png,5
05459.png,1
05460.png,0
05461.png,7
05462.png,2
05463.png,7
05464.png,5
05465.png,3
05466.png,5
05467.png,9
05468.png,3
05469.png,5
05470.png,8
05471.png,6
05472.png,9
05473.png,3
05474.png,5
05475.png,5
05476.png,9
05477.png,5
05478.png,9
05479.png,2
05480.png,3
05481.png,3
05482.png,0
05483.png,9
05484.png,3
05485.png,2
05486.png,1
05487.png,7
05488.png,7
05489.png,2
05490.png,0
05491.png,4
05492.png,2
05493.png,7
05494.png,1
05495.png,9
05496.png,9
05497.png,5
05498.png,5
05499.png,3
05500.png,9
05501.png,1
05502.png,1
05503.png,7
05504.png,8
05505.png,6
05506.png,7
05507.png,6
05508.png,0
05509.png,3
05510.png,6
05511.png,8
05512.png,0
05513.png,3
05514.png,0
05515.png,7
05516.png,5
05517.png,4
05518.png,1
05519.png,1
05520.png,2
05521.png,0
05522.png,7
05523.png,0
05524.png,1
05525.png,0
05526.png,4
05527.png,1
05528.png,2
05529.png,6
05530.png,0
05531.png,4
05532.png,1
05533.png,6
05534.png,4
05535.png,5
05536.png,8
05537.png,2
05538.png,2
05539.png,9
05540.png,0
05541.png,8
05542.png,7
05543.png,1
05544.png,7
05545.png,7
05546.png,3
05547.png,7
05548.png,1
05549.png,9
05550.png,0
05551.png,8
05552.png,7
05553.png,0
05554.png,6
05555.png,6
05556.png,2
05557.png,3
05558.png,8
05559.png,7
05560.png,5
05561.png,2
05562.png,0
05563.png,1
05564.png,7
05565.png,4
05566.png,9
05567.png,6
05568.png,4
05569.png,6
05570.png,1
05571.png,3
05572.png,4
05573.png,5
05574.png,6
05575.png,1
05576.png,4
05577.png,1
05578.png,9
05579.png,5
05580.png,0
05581.png,8
05582.png,6
05583.png,6
05584.png,4
05585.png,9
05586.png,0
05587.png,5
05588.png,1
05589.png,4
05590.png,5
05591.png,6
05592.png,1
05593.png,7
05594.png,9
05595.png,9
05596.png,1
05597.png,1
05598.png,5
05599.png,5
05600.png,0
05601.png,6
05602.png,1
05603.png,6
05604.png,1
05605.png,0
05606.png,2
05607.png,8
05608.png,4
05609.png,2
05610.png,3
05611.png,6
05612.png,2
05613.png,2
05614.png,6
05615.png,9
05616.png,0
05617.png,8
05618.png,9
05619.png,1
05620.png,1
05621.png,5
05622.png,2
05623.png,5
05624.png,4
05625.png,4
05626.png,2
05627.png,9
05628.png,7
05629.png,7
05630.png,4
05631.png,7
05632.png,2
05633.png,8
05634.png,9
05635.png,2
05636.png,9
05637.png,2
05638.png,3
05639.png,4
05640.png,7
05641.png,1
05642.png,6
05643.png,8
05644.png,5
05645.png,1
05646.png,4
05647.png,8
05648.png,0
05649.png,5
05650.png,4
05651.png,9
05652.png,0
05653.png,7
05654.png,0
05655.png,1
05656.png,5
05657.png,5
05658.png,3
05659.png,4
05660.png,6
05661.png,6
05662.png,6
05663.png,3
05664.png,3
05665.png,6
05666.png,3
05667.png,1
05668.png,2
05669.png,8
05670.png,7
05671.png,8
05672.png,6
05673.png,4
05674.png,6
05675.png,4
05676.png,3
05677.png,3
05678.png,6
05679.png,7
05680.png,5
05681.png,6
05682.png,8
05683.png,4
05684.png,3
05685.png,5
05686.png,7
05687.png,7
05688.png,0
05689.png,5
05690.png,4
05691.png,5
05692.png,7
05693.png,3
05694.png,1
05695.png,3
05696.png,8
05697.png,9
05698.png,1
05699.png,4
05700.png,5
05701.png,7
05702.png,0
05703.png,1
05704.png,4
05705.png,1
05706.png,4
05707.png,0
05708.png,3
05709.png,3
05710.png,9
05711.png,9
05712.png,0
05713.png,4
05714.png,2
05715.png,1
05716.png,8
05717.png,4
05718.png,4
05719.png,8
05720.png,0
05721.png,0
05722.png,6
05723.png,5
05724.png,8
05725.png,4
05726.png,6
05727.png,0
05728.png,6
05729.png,3
05730.png,1
05731.png,4
05732.png,0
05733.png,3
05734.png,0
05735.png,9
05736.png,4
05737.png,4
05738.png,2
05739.png,9
05740.png,2
05741.png,9
05742.png,7
05743.png,8
05744.png,7
05745.png,3
05746.png,8
05747.png,2
05748.png,8
05749.png,6
05750.png,5
05751.png,0
05752.png,3
05753.png,1
05754.png,7
05755.png,3
05756.png,5
05757.png,6
05758.png,5
05759.png,4
05760.png,2
05761.png,6
05762.png,8
05763.png,0
05764.png,3
05765.png,8
05766.png,7
05767.png,1
05768.png,5
05769.png,7
05770.png,7
05771.png,7
05772.png,6
05773.png,6
05774.png,8
05775.png,1
05776.png,0
05777.png,5
05778.png,0
05779.png,9
05780.png,4
05781.png,5
05782.png,4
05783.png,2
05784.png,0
05785.png,1
05786.png,9
05787.png,8
05788.png,0
05789.png,3
05790.png,7
05791.png,4
05792.png,0
05793.png,0
05794.png,7
05795.png,9
05796.png,5
05797.png,7
05798.png,6
05799.png,9
05800.png,1
05801.png,6
05802.png,1
05803.png,2
05804.png,7
05805.png,5
05806.png,0
05807.png,5
05808.png,9
05809.png,8
05810.png,2
05811.png,0
05812.png,0
05813.png,2
05814.png,3
05815.png,4
05816.png,3
05817.png,3
05818.png,7
05819.png,2
05820.png,3
05821.png,2
05822.png,6
05823.png,1
05824.png,2
05825.png,3
05826.png,5
05827.png,9
05828.png,1
05829.png,2
05830.png,2
05831.png,0
05832.png,6
05833.png,1
05834.png,0
05835.png,6
05836.png,3
05837.png,4
05838.png,1
05839.png,8
05840.png,1
05841.png,7
05842.png,2
05843.png,7
05844.png,4
05845.png,8
05846.png,7
05847.png,3
05848.png,9
05849.png,8
05850.png,2
05851.png,4
05852.png,7
05853.png,1
05854.png,7
05855.png,2
05856.png,6
05857.png,3
05858.png,1
05859.png,3
05860.png,8
05861.png,2
05862.png,5
05863.png,7
05864.png,3
05865.png,1
05866.png,3
05867.png,7
05868.png,2
05869.png,7
05870.png,6
05871.png,5
05872.png,8
05873.png,1
05874.png,8
05875.png,7
05876.png,9
05877.png,3
05878.png,9
05879.png,8
05880.png,3
05881.png,2
05882.png,3
05883.png,0
05884.png,4
05885.png,5
05886.png,7
05887.png,9
05888.png,8
05889.png,2
05890.png,5
05891.png,2
05892.png,6
05893.png,6
05894.png,1
05895.png,1
05896.png,5
05897.png,0
05898.png,5
05899.png,1
05900.png,3
05901.png,5
05902.png,6
05903.png,3
05904.png,5
05905.png,5
05906.png,3
05907.png,9
05908.png,7
05909.png,9
05910.png,9
05911.png,9
05912.png,6
05913.png,5
05914.png,7
05915.png,2
05916.png,9
05917.png,3
05918.png,2
05919.png,7
05920.png,9
05921.png,4
05922.png,0
05923.png,2
05924.png,8
05925.png,2
05926.png,4
05927.png,0
05928.png,7
05929.png,8
05930.png,9
05931.png,1
05932.png,5
05933.png,9
05934.png,5
05935.png,5
05936.png,6
05937.png,3
05938.png,8
05939.png,7
05940.png,9
05941.png,5
05942.png,1
05943.png,8
05944.png,8
05945.png,0
05946.png,3
05947.png,5
05948.png,0
05949.png,8
05950.png,8
05951.png,0
05952.png,9
05953.png,6
05954.png,5
05955.png,7
05956.png,7
05957.png,1
05958.png,9
05959.png,6
05960.png,5
05961.png,2
05962.png,1
05963.png,6
05964.png,8
05965.png,7
05966.png,9
05967.png,5
05968.png,4
05969.png,0
05970.png,5
05971.png,6
05972.png,4
05973.png,1
05974.png,6
05975.png,4
05976.png,0
05977.png,9
05978.png,2
05979.png,2
05980.png,5
05981.png,2
05982.png,7
05983.png,1
05984.png,2
05985.png,1
05986.png,6
05987.png,7
05988.png,8
05989.png,6
05990.png,5
05991.png,6
05992.png,1
05993.png,5
05994.png,0
05995.png,4
05996.png,1
05997.png,7
05998.png,6
05999.png,2
06000.png,6
06001.png,5
06002.png,2
06003.png,7
06004.png,7
06005.png,0
06006.png,2
06007.png,2
06008.png,3
06009.png,3
06010.png,7
06011.png,0
06012.png,8
06013.png,9
06014.png,0
06015.png,0
06016.png,2
06017.png,4
06018.png,7
06019.png,2
06020.png,0
06021.png,0
06022.png,2
06023.png,9
06024.png,1
06025.png,3
06026.png,0
06027.png,4
06028.png,8
06029.png,1
06030.png,5
06031.png,3
06032.png,4
06033.png,0
06034.png,7
06035.png,5
06036.png,7
06037.png,8
06038.png,0
06039.png,8
06040.png,9
06041.png,7
06042.png,0
06043.png,7
06044.png,2
06045.png,0
06046.png,2
06047.png,7
06048.png,3
06049.png,9
06050.png,1
06051.png,5
06052.png,3
06053.png,5
06054.png,3
06055.png,4
06056.png,3
06057.png,9
06058.png,4
06059.png,5
06060.png,2
06061.png,1
06062.png,4
06063.png,0
06064.png,4
06065.png,3
06066.png,2
06067.png,0
06068.png,9
06069.png,2
06070.png,1
06071.png,9
06072.png,7
06073.png,4
06074.png,8
06075.png,9
06076.png,0
06077.png,3
06078.png,4
06079.png,9
06080.png,3
06081.png,7
06082.png,5
06083.png,4
06084.png,3
06085.png,4
06086.png,3
06087.png,2
06088.png,5
06089.png,4
06090.png,9
06091.png,5
06092.png,4
06093.png,7
06094.png,3
06095.png,7
06096.png,8
06097.png,9
06098.png,9
06099.png,6
06100.png,0
06101.png,0
06102.png,9
06103.png,7
06104.png,9
06105.png,3
06106.png,9
06107.png,5
06108.png,4
06109.png,4
06110.png,9
06111.png,5
06112.png,4
06113.png,1
06114.png,0
06115.png,1
06116.png,7
06117.png,2
06118.png,9
06119.png,0
06120.png,9
06121.png,0
06122.png,7
06123.png,0
06124.png,0
06125.png,9
06126.png,4
06127.png,9
06128.png,8
06129.png,7
06130.png,4
06131.png,1
06132.png,8
06133.png,8
06134.png,8
06135.png,6
06136.png,3
06137.png,7
06138.png,1
06139.png,4
06140.png,6
06141.png,2
06142.png,7
06143.png,5
06144.png,4
06145.png,9
06146.png,5
06147.png,8
06148.png,6
06149.png,7
06150.png,9
06151.png,5
06152.png,3
06153.png,0
06154.png,1
06155.png,3
06156.png,4
06157.png,5
06158.png,2
06159.png,0
06160.png,2
06161.png,0
06162.png,2
06163.png,4
06164.png,6
06165.png,2
06166.png,1
06167.png,0
06168.png,7
06169.png,0
06170.png,9
06171.png,5
06172.png,7
06173.png,2
06174.png,6
06175.png,5
06176.png,1
06177.png,6
06178.png,5
06179.png,0
06180.png,1
06181.png,9
06182.png,8
06183.png,0
06184.png,6
06185.png,3
06186.png,4
06187.png,1
06188.png,0
06189.png,8
06190.png,6
06191.png,2
06192.png,6
06193.png,2
06194.png,0
06195.png,9
06196.png,6
06197.png,1
06198.png,3
06199.png,2
06200.png,2
06201.png,6
06202.png,4
06203.png,0
06204.png,0
06205.png,6
06206.png,1
06207.png,9
06208.png,8
06209.png,6
06210.png,7
06211.png,2
06212.png,4
06213.png,9
06214.png,5
06215.png,7
06216.png,0
06217.png,4
06218.png,7
06219.png,8
06220.png,1
06221.png,7
06222.png,5
06223.png,3
06224.png,5
06225.png,1
06226.png,1
06227.png,0
06228.png,1
06229.png,5
06230.png,3
06231.png,1
06232.png,9
06233.png,6
06234.png,7
06235.png,7
06236.png,2
06237.png,4
06238.png,8
06239.png,4
06240.png,0
06241.png,3
06242.png,0
06243.png,0
06244.png,0
06245.png,1
06246.png,6
06247.png,4
06248.png,0
06249.png,6
06250.png,2
06251.png,4
06252.png,9
06253.png,6
06254.png,5
06255.png,4
06256.png,0
06257.png,0
06258.png,3
06259.png,4
06260.png,9
06261.png,1
06262.png,8
06263.png,7
06264.png,4
06265.png,6
06266.png,3
06267.png,9
06268.png,0
06269.png,2
06270.png,7
06271.png,2
06272.png,0
06273.png,4
06274.png,6
06275.png,1
06276.png,2
06277.png,0
06278.png,1
06279.png,7
06280.png,3
06281.png,6
06282.png,0
06283.png,9
06284.png,3
06285.png,1
06286.png,3
06287.png,3
06288.png,0
06289.png,8
06290.png,3
06291.png,2
06292.png,5
06293.png,5
06294.png,3
06295.png,3
06296.png,9
06297.png,2
06298.png,9
06299.png,7
06300.png,1
06301.png,5
06302.png,5
06303.png,2
06304.png,1
06305.png,3
06306.png,5
06307.png,8
06308.png,3
06309.png,0
06310.png,5
06311.png,3
06312.png,8
06313.png,8
06314.png,8
06315.png,1
06316.png,0
06317.png,4
06318.png,2
06319.png,5
06320.png,8
06321.png,2
06322.png,4
06323.png,4
06324.png,9
06325.png,2
06326.png,9
06327.png,8
06328.png,5
06329.png,6
06330.png,5
06331.png,1
06332.png,6
06333.png,1
06334.png,7
06335.png,1
06336.png,2
06337.png,3
06338.png,5
06339.png,1
06340.png,1
06341.png,0
06342.png,8
06343.png,2
06344.png,4
06345.png,5
06346.png,9
06347.png,8
06348.png,3
06349.png,8
06350.png,1
06351.png,0
06352.png,8
06353.png,7
06354.png,1
06355.png,7
06356.png,2
06357.png,9
06358.png,1
06359.png,5
06360.png,7
06361.png,3
06362.png,7
06363.png,8
06364.png,2
06365.png,4
06366.png,8
06367.png,0
06368.png,4
06369.png,6
06370.png,3
06371.png,3
06372.png,8
06373.png,9
06374.png,9
06375.png,6
06376.png,8
06377.png,1
06378.png,0
06379.png,1
06380.png,2
06381.png,8
06382.png,2
06383.png,0
06384.png,5
06385.png,8
06386.png,1
06387.png,0
06388.png,3
06389.png,5
06390.png,3
06391.png,7
06392.png,9
06393.png,5
06394.png,1
06395.png,5
06396.png,1
06397.png,7
06398.png,6
06399.png,3
06400.png,5
06401.png,3
06402.png,9
06403.png,7
06404.png,8
06405.png,1
06406.png,2
06407.png,6
06408.png,9
06409.png,5
06410.png,2
06411.png,8
06412.png,5
06413.png,0
06414.png,4
06415.png,2
06416.png,3
06417.png,2
06418.png,9
06419.png,9
06420.png,7
06421.png,4
06422.png,4
06423.png,7
06424.png,0
06425.png,6
06426.png,1
06427.png,1
06428.png,8
06429.png,7
06430.png,7
06431.png,1
06432.png,8
06433.png,9
06434.png,8
06435.png,3
06436.png,3
06437.png,4
06438.png,1
06439.png,9
06440.png,6
06441.png,3
06442.png,3
06443.png,4
06444.png,7
06445.png,2
06446.png,0
06447.png,7
06448.png,3
06449.png,2
06450.png,4
06451.png,3
06452.png,0
06453.png,7
06454.png,8
06455.png,9
06456.png,9
06457.png,2
06458.png,8
06459.png,7
06460.png,7
06461.png,3
06462.png,8
06463.png,8
06464.png,5
06465.png,8
06466.png,5
06467.png,3
06468.png,0
06469.png,3
06470.png,3
06471.png,3
06472.png,4
06473.png,6
06474.png,8
06475.png,8
06476.png,9
06477.png,8
06478.png,8
06479.png,9
06480.png,5
06481.png,5
06482.png,6
06483.png,4
06484.png,4
06485.png,5
06486.png,7
06487.png,2
06488.png,7
06489.png,8
06490.png,5
06491.png,6
06492.png,9
06493.png,2
06494.png,2
06495.png,5
06496.png,9
06497.png,7
06498.png,2
06499.png,8
06500.png,0
06501.png,6
06502.png,8
06503.png,7
06504.png,7
06505.png,1
06506.png,9
06507.png,8
06508.png,8
06509.png,3
06510.png,2
06511.png,9
06512.png,2
06513.png,5
06514.png,6
06515.png,5
06516.png,1
06517.png,7
06518.png,2
06519.png,1
06520.png,8
06521.png,8
06522.png,8
06523.png,4
06524.png,3
06525.png,4
06526.png,1
06527.png,0
06528.png,4
06529.png,1
06530.png,2
06531.png,5
06532.png,9
06533.png,2
06534.png,4
06535.png,1
06536.png,7
06537.png,0
06538.png,0
06539.png,1
06540.png,8
06541.png,5
06542.png,7
06543.png,6
06544.png,1
06545.png,0
06546.png,1
06547.png,3
06548.png,4
06549.png,4
06550.png,6
06551.png,2
06552.png,5
06553.png,6
06554.png,5
06555.png,9
06556.png,5
06557.png,7
06558.png,0
06559.png,7
06560.png,3
06561.png,1
06562.png,2
06563.png,7
06564.png,4
06565.png,7
06566.png,8
06567.png,3
06568.png,6
06569.png,4
06570.png,1
06571.png,1
06572.png,0
06573.png,8
06574.png,6
06575.png,3
06576.png,2
06577.png,4
06578.png,2
06579.png,5
06580.png,9
06581.png,0
06582.png,0
06583.png,9
06584.png,1
06585.png,4
06586.png,8
06587.png,4
06588.png,5
06589.png,4
06590.png,8
06591.png,7
06592.png,9
06593.png,9
06594.png,9
06595.png,9
06596.png,5
06597.png,1
06598.png,9
06599.png,0
06600.png,1
06601.png,9
06602.png,6
06603.png,4
06604.png,6
06605.png,0
06606.png,5
06607.png,8
06608.png,6
06609.png,3
06610.png,7
06611.png,3
06612.png,5
06613.png,7
06614.png,3
06615.png,5
06616.png,8
06617.png,9
06618.png,4
06619.png,7
06620.png,2
06621.png,5
06622.png,2
06623.png,1
06624.png,6
06625.png,4
06626.png,6
06627.png,3
06628.png,6
06629.png,2
06630.png,2
06631.png,5
06632.png,7
06633.png,6
06634.png,1
06635.png,8
06636.png,6
06637.png,8
06638.png,0
06639.png,0
06640.png,9
06641.png,7
06642.png,7
06643.png,7
06644.png,0
06645.png,0
06646.png,4
06647.png,6
06648.png,5
06649.png,1
06650.png,9
06651.png,7
06652.png,4
06653.png,5
06654.png,6
06655.png,0
06656.png,2
06657.png,9
06658.png,2
06659.png,8
06660.png,7
06661.png,2
06662.png,8
06663.png,9
06664.png,8
06665.png,7
06666.png,5
06667.png,7
06668.png,3
06669.png,7
06670.png,4
06671.png,9
06672.png,6
06673.png,6
06674.png,3
06675.png,5
06676.png,2
06677.png,2
06678.png,7
06679.png,2
06680.png,6
06681.png,4
06682.png,7
06683.png,7
06684.png,6
06685.png,3
06686.png,6
06687.png,4
06688.png,9
06689.png,6
06690.png,2
06691.png,1
06692.png,2
06693.png,5
06694.png,7
06695.png,8
06696.png,7
06697.png,9
06698.png,7
06699.png,3
06700.png,6
06701.png,5
06702.png,1
06703.png,8
06704.png,6
06705.png,7
06706.png,5
06707.png,5
06708.png,0
06709.png,0
06710.png,9
06711.png,6
06712.png,2
06713.png,5
06714.png,2
06715.png,9
06716.png,5
06717.png,7
06718.png,2
06719.png,7
06720.png,6
06721.png,0
06722.png,1
06723.png,3
06724.png,7
06725.png,1
06726.png,1
06727.png,7
06728.png,3
06729.png,4
06730.png,8
06731.png,7
06732.png,7
06733.png,3
06734.png,3
06735.png,4
06736.png,7
06737.png,5
06738.png,9
06739.png,4
06740.png,6
06741.png,4
06742.png,7
06743.png,5
06744.png,9
06745.png,7
06746.png,9
06747.png,5
06748.png,3
06749.png,8
06750.png,0
06751.png,5
06752.png,5
06753.png,7
06754.png,7
06755.png,8
06756.png,7
06757.png,6
06758.png,3
06759.png,5
06760.png,7
06761.png,3
06762.png,3
06763.png,8
06764.png,6
06765.png,5
06766.png,6
06767.png,7
06768.png,7
06769.png,3
06770.png,7
06771.png,4
06772.png,6
06773.png,2
06774.png,0
06775.png,7
06776.png,5
06777.png,5
06778.png,7
06779.png,6
06780.png,0
06781.png,6
06782.png,7
06783.png,9
06784.png,5
06785.png,7
06786.png,6
06787.png,1
06788.png,5
06789.png,0
06790.png,8
06791.png,0
06792.png,8
06793.png,3
06794.png,4
06795.png,8
06796.png,3
06797.png,0
06798.png,4
06799.png,9
06800.png,0
06801.png,5
06802.png,5
06803.png,9
06804.png,5
06805.png,5
06806.png,3
06807.png,3
06808.png,9
06809.png,8
06810.png,1
06811.png,3
06812.png,3
06813.png,0
06814.png,6
06815.png,6
06816.png,8
06817.png,9
06818.png,2
06819.png,8
06820.png,7
06821.png,1
06822.png,2
06823.png,7
06824.png,1
06825.png,2
06826.png,9
06827.png,2
06828.png,6
06829.png,3
06830.png,1
06831.png,7
06832.png,3
06833.png,7
06834.png,7
06835.png,9
06836.png,3
06837.png,1
06838.png,8
06839.png,5
06840.png,8
06841.png,4
06842.png,4
06843.png,8
06844.png,3
06845.png,4
06846.png,4
06847.png,4
06848.png,2
06849.png,0
06850.png,1
06851.png,4
06852.png,4
06853.png,4
06854.png,1
06855.png,7
06856.png,8
06857.png,8
06858.png,6
06859.png,2
06860.png,1
06861.png,0
06862.png,4
06863.png,9
06864.png,3
06865.png,0
06866.png,5
06867.png,3
06868.png,6
06869.png,0
06870.png,5
06871.png,0
06872.png,8
06873.png,1
06874.png,5
06875.png,7
06876.png,1
06877.png,3
06878.png,9
06879.png,5
06880.png,2
06881.png,4
06882.png,9
06883.png,5
06884.png,3
06885.png,3
06886.png,0
06887.png,1
06888.png,5
06889.png,9
06890.png,9
06891.png,3
06892.png,3
06893.png,4
06894.png,0
06895.png,4
06896.png,7
06897.png,7
06898.png,6
06899.png,0
06900.png,4
06901.png,3
06902.png,5
06903.png,4
06904.png,8
06905.png,3
06906.png,0
06907.png,0
06908.png,5
06909.png,3
06910.png,8
06911.png,1
06912.png,3
06913.png,8
06914.png,8
06915.png,2
06916.png,2
06917.png,7
06918.png,9
06919.png,2
06920.png,5
06921.png,2
06922.png,9
06923.png,6
06924.png,5
06925.png,6
06926.png,5
06927.png,6
06928.png,9
06929.png,3
06930.png,2
06931.png,2
06932.png,6
06933.png,6
06934.png,0
06935.png,3
06936.png,2
06937.png,3
06938.png,8
06939.png,6
06940.png,9
06941.png,4
06942.png,8
06943.png,1
06944.png,7
06945.png,1
06946.png,2
06947.png,2
06948.png,5
06949.png,8
06950.png,5
06951.png,4
06952.png,0
06953.png,3
06954.png,7
06955.png,4
06956.png,7
06957.png,9
06958.png,8
06959.png,2
06960.png,7
06961.png,6
06962.png,8
06963.png,4
06964.png,8
06965.png,0
06966.png,2
06967.png,6
06968.png,5
06969.png,2
06970.png,0
06971.png,0
06972.png,1
06973.png,2
06974.png,4
06975.png,5
06976.png,6
06977.png,7
06978.png,3
06979.png,4
06980.png,8
06981.png,9
06982.png,6
06983.png,8
06984.png,9
06985.png,8
06986.png,0
06987.png,8
06988.png,5
06989.png,7
06990.png,3
06991.png,3
06992.png,2
06993.png,2
06994.png,3
06995.png,4
06996.png,3
06997.png,4
06998.png,6
06999.png,2
07000.png,1
07001.png,4
07002.png,4
07003.png,4
07004.png,8
07005.png,8
07006.png,2
07007.png,8
07008.png,3
07009.png,4
07010.png,9
07011.png,8
07012.png,3
07013.png,4
07014.png,6
07015.png,4
07016.png,1
07017.png,3
07018.png,2
07019.png,6
07020.png,5
07021.png,2
07022.png,2
07023.png,9
07024.png,3
07025.png,4
07026.png,1
07027.png,9
07028.png,2
07029.png,4
07030.png,3
07031.png,7
07032.png,0
07033.png,8
07034.png,7
07035.png,5
07036.png,5
07037.png,3
07038.png,2
07039.png,2
07040.png,9
07041.png,8
07042.png,1
07043.png,8
07044.png,7
07045.png,5
07046.png,0
07047.png,1
07048.png,0
07049.png,4
07050.png,5
07051.png,9
07052.png,6
07053.png,4
07054.png,4
07055.png,8
07056.png,8
07057.png,4
07058.png,2
07059.png,9
07060.png,9
07061.png,1
07062.png,1
07063.png,0
07064.png,5
07065.png,6
07066.png,8
07067.png,0
07068.png,0
07069.png,7
07070.png,5
07071.png,4
07072.png,3
07073.png,2
07074.png,7
07075.png,2
07076.png,7
07077.png,6
07078.png,9
07079.png,6
07080.png,3
07081.png,2
07082.png,7
07083.png,3
07084.png,1
07085.png,9
07086.png,6
07087.png,7
07088.png,2
07089.png,6
07090.png,3
07091.png,0
07092.png,1
07093.png,8
07094.png,9
07095.png,1
07096.png,7
07097.png,0
07098.png,6
07099.png,8
07100.png,5
07101.png,7
07102.png,3
07103.png,1
07104.png,2
07105.png,1
07106.png,3
07107.png,5
07108.png,0
07109.png,4
07110.png,9
07111.png,4
07112.png,9
07113.png,7
07114.png,2
07115.png,7
07116.png,8
07117.png,7
07118.png,7
07119.png,9
07120.png,7
07121.png,8
07122.png,4
07123.png,3
07124.png,7
07125.png,6
07126.png,8
07127.png,4
07128.png,3
07129.png,1
07130.png,0
07131.png,9
07132.png,8
07133.png,9
07134.png,9
07135.png,5
07136.png,4
07137.png,5
07138.png,6
07139.png,2
07140.png,6
07141.png,6
07142.png,9
07143.png,6
07144.png,6
07145.png,0
07146.png,4
07147.png,9
07148.png,9
07149.png,5
07150.png,6
07151.png,7
07152.png,5
07153.png,5
07154.png,3
07155.png,7
07156.png,0
07157.png,7
07158.png,2
07159.png,9
07160.png,9
07161.png,7
07162.png,0
07163.png,5
07164.png,7
07165.png,8
07166.png,3
07167.png,3
07168.png,2
07169.png,5
07170.png,4
07171.png,5
07172.png,2
07173.png,9
07174.png,2
07175.png,2
07176.png,4
07177.png,4
07178.png,7
07179.png,6
07180.png,8
07181.png,3
07182.png,5
07183.png,4
07184.png,2
07185.png,6
07186.png,3
07187.png,7
07188.png,1
07189.png,6
07190.png,2
07191.png,2
07192.png,8
07193.png,6
07194.png,3
07195.png,9
07196.png,1
07197.png,7
07198.png,1
07199.png,2
07200.png,7
07201.png,6
07202.png,9
07203.png,5
07204.png,3
07205.png,7
07206.png,7
07207.png,0
07208.png,1
07209.png,7
07210.png,8
07211.png,7
07212.png,9
07213.png,6
07214.png,6
07215.png,5
07216.png,6
07217.png,6
07218.png,4
07219.png,8
07220.png,5
07221.png,8
07222.png,1
07223.png,5
07224.png,4
07225.png,8
07226.png,5
07227.png,0
07228.png,0
07229.png,9
07230.png,0
07231.png,8
07232.png,3
07233.png,0
07234.png,1
07235.png,1
07236.png,1
07237.png,1
07238.png,1
07239.png,4
07240.png,8
07241.png,1
07242.png,5
07243.png,0
07244.png,5
07245.png,4
07246.png,8
07247.png,5
07248.png,6
07249.png,9
07250.png,9
07251.png,5
07252.png,8
07253.png,9
07254.png,0
07255.png,5
07256.png,1
07257.png,8
07258.png,1
07259.png,5
07260.png,8
07261.png,4
07262.png,0
07263.png,4
07264.png,8
07265.png,8
07266.png,4
07267.png,1
07268.png,0
07269.png,6
07270.png,7
07271.png,2
07272.png,0
07273.png,7
07274.png,3
07275.png,9
07276.png,1
07277.png,4
07278.png,7
07279.png,8
07280.png,5
07281.png,1
07282.png,3
07283.png,1
07284.png,5
07285.png,7
07286.png,0
07287.png,8
07288.png,4
07289.png,2
07290.png,9
07291.png,4
07292.png,5
07293.png,0
07294.png,2
07295.png,0
07296.png,2
07297.png,1
07298.png,8
07299.png,7
07300.png,3
07301.png,0
07302.png,8
07303.png,7
07304.png,1
07305.png,3
07306.png,8
07307.png,7
07308.png,1
07309.png,7
07310.png,6
07311.png,5
07312.png,5
07313.png,2
07314.png,0
07315.png,5
07316.png,5
07317.png,3
07318.png,0
07319.png,6
07320.png,6
07321.png,3
07322.png,4
07323.png,1
07324.png,0
07325.png,3
07326.png,2
07327.png,4
07328.png,3
07329.png,2
07330.png,3
07331.png,0
07332.png,9
07333.png,7
07334.png,1
07335.png,5
07336.png,0
07337.png,7
07338.png,8
07339.png,1
07340.png,4
07341.png,1
07342.png,1
07343.png,3
07344.png,9
07345.png,2
07346.png,7
07347.png,4
07348.png,1
07349.png,6
07350.png,6
07351.png,2
07352.png,8
07353.png,8
07354.png,5
07355.png,3
07356.png,1
07357.png,7
07358.png,5
07359.png,5
07360.png,4
07361.png,7
07362.png,4
07363.png,0
07364.png,8
07365.png,0
07366.png,6
07367.png,0
07368.png,7
07369.png,4
07370.png,5
07371.png,4
07372.png,5
07373.png,9
07374.png,1
07375.png,6
07376.png,9
07377.png,7
07378.png,4
07379.png,8
07380.png,8
07381.png,2
07382.png,2
07383.png,6
07384.png,3
07385.png,8
07386.png,5
07387.png,7
07388.png,2
07389.png,5
07390.png,7
07391.png,1
07392.png,3
07393.png,1
07394.png,8
07395.png,6
07396.png,7
07397.png,3
07398.png,7
07399.png,9
07400.png,9
07401.png,1
07402.png,7
07403.png,2
07404.png,9
07405.png,8
07406.png,5
07407.png,7
07408.png,4
07409.png,3
07410.png,7
07411.png,8
07412.png,2
07413.png,3
07414.png,2
07415.png,0
07416.png,2
07417.png,1
07418.png,3
07419.png,5
07420.png,8
07421.png,1
07422.png,3
07423.png,9
07424.png,5
07425.png,5
07426.png,3
07427.png,0
07428.png,9
07429.png,1
07430.png,6
07431.png,8
07432.png,6
07433.png,1
07434.png,4
07435.png,9
07436.png,1
07437.png,1
07438.png,9
07439.png,6
07440.png,8
07441.png,7
07442.png,5
07443.png,3
07444.png,6
07445.png,2
07446.png,1
07447.png,6
07448.png,8
07449.png,9
07450.png,2
07451.png,3
07452.png,6
07453.png,4
07454.png,0
07455.png,4
07456.png,0
07457.png,3
07458.png,2
07459.png,3
07460.png,1
07461.png,2
07462.png,5
07463.png,7
07464.png,2
07465.png,5
07466.png,3
07467.png,8
07468.png,9
07469.png,6
07470.png,9
07471.png,7
07472.png,3
07473.png,1
07474.png,2
07475.png,5
07476.png,0
07477.png,4
07478.png,5
07479.png,0
07480.png,2
07481.png,2
07482.png,5
07483.png,0
07484.png,8
07485.png,1
07486.png,0
07487.png,8
07488.png,0
07489.png,9
07490.png,2
07491.png,8
07492.png,8
07493.png,2
07494.png,6
07495.png,7
07496.png,6
07497.png,9
07498.png,5
07499.png,8
07500.png,4
07501.png,9
07502.png,0
07503.png,7
07504.png,5
07505.png,8
07506.png,7
07507.png,6
07508.png,0
07509.png,2
07510.png,3
07511.png,6
07512.png,2
07513.png,0
07514.png,2
07515.png,1
07516.png,4
07517.png,3
07518.png,1
07519.png,3
07520.png,3
07521.png,8
07522.png,2
07523.png,5
07524.png,2
07525.png,8
07526.png,4
07527.png,1
07528.png,2
07529.png,1
07530.png,6
07531.png,6
07532.png,7
07533.png,1
07534.png,2
07535.png,5
07536.png,3
07537.png,5
07538.png,9
07539.png,2
07540.png,7
07541.png,6
07542.png,5
07543.png,9
07544.png,1
07545.png,3
07546.png,2
07547.png,8
07548.png,7
07549.png,2
07550.png,0
07551.png,3
07552.png,1
07553.png,6
07554.png,8
07555.png,5
07556.png,1
07557.png,6
07558.png,2
07559.png,1
07560.png,0
07561.png,5
07562.png,7
07563.png,1
07564.png,4
07565.png,7
07566.png,3
07567.png,7
07568.png,6
07569.png,4
07570.png,5
07571.png,0
07572.png,7
07573.png,7
07574.png,1
07575.png,8
07576.png,8
07577.png,2
07578.png,5
07579.png,5
07580.png,1
07581.png,7
07582.png,6
07583.png,6
07584.png,7
07585.png,2
07586.png,7
07587.png,8
07588.png,8
07589.png,5
07590.png,6
07591.png,4
07592.png,0
07593.png,7
07594.png,0
07595.png,2
07596.png,7
07597.png,0
07598.png,1
07599.png,8
07600.png,2
07601.png,0
07602.png,5
07603.png,5
07604.png,8
07605.png,5
07606.png,0
07607.png,1
07608.png,5
07609.png,9
07610.png,9
07611.png,9
07612.png,3
07613.png,2
07614.png,2
07615.png,7
07616.png,6
07617.png,3
07618.png,6
07619.png,3
07620.png,0
07621.png,8
07622.png,5
07623.png,1
07624.png,9
07625.png,8
07626.png,6
07627.png,8
07628.png,4
07629.png,3
07630.png,6
07631.png,6
07632.png,1
07633.png,1
07634.png,6
07635.png,4
07636.png,8
07637.png,6
07638.png,2
07639.png,1
07640.png,8
07641.png,3
07642.png,2
07643.png,7
07644.png,2
07645.png,1
07646.png,9
07647.png,6
07648.png,9
07649.png,1
07650.png,7
07651.png,2
07652.png,4
07653.png,0
07654.png,3
07655.png,1
07656.png,3
07657.png,7
07658.png,6
07659.png,6
07660.png,7
07661.png,6
07662.png,2
07663.png,5
07664.png,0
07665.png,6
07666.png,8
07667.png,2
07668.png,4
07669.png,1
07670.png,8
07671.png,0
07672.png,0
07673.png,7
07674.png,4
07675.png,5
07676.png,4
07677.png,9
07678.png,1
07679.png,0
07680.png,7
07681.png,2
07682.png,4
07683.png,4
07684.png,1
07685.png,0
07686.png,2
07687.png,4
07688.png,1
07689.png,0
07690.png,8
07691.png,9
07692.png,2
07693.png,1
07694.png,8
07695.png,5
07696.png,8
07697.png,6
07698.png,9
07699.png,1
07700.png,7
07701.png,2
07702.png,5
07703.png,6
07704.png,0
07705.png,6
07706.png,8
07707.png,7
07708.png,8
07709.png,4
07710.png,4
07711.png,9
07712.png,6
07713.png,7
07714.png,2
07715.png,9
07716.png,6
07717.png,3
07718.png,0
07719.png,3
07720.png,2
07721.png,6
07722.png,1
07723.png,6
07724.png,3
07725.png,1
07726.png,5
07727.png,3
07728.png,9
07729.png,2
07730.png,1
07731.png,7
07732.png,4
07733.png,4
07734.png,3
07735.png,0
07736.png,6
07737.png,9
07738.png,4
07739.png,7
07740.png,6
07741.png,4
07742.png,4
07743.png,6
07744.png,7
07745.png,6
07746.png,5
07747.png,4
07748.png,5
07749.png,5
07750.png,5
07751.png,6
07752.png,5
07753.png,5
07754.png,4
07755.png,5
07756.png,5
07757.png,1
07758.png,5
07759.png,5
07760.png,8
07761.png,9
07762.png,6
07763.png,5
07764.png,9
07765.png,3
07766.png,4
07767.png,9
07768.png,9
07769.png,9
07770.png,2
07771.png,0
07772.png,2
07773.png,0
07774.png,9
07775.png,8
07776.png,0
07777.png,4
07778.png,1
07779.png,2
07780.png,6
07781.png,7
07782.png,1
07783.png,2
07784.png,8
07785.png,3
07786.png,6
07787.png,3
07788.png,5
07789.png,0
07790.png,8
07791.png,0
07792.png,2
07793.png,4
07794.png,8
07795.png,0
07796.png,1
07797.png,2
07798.png,4
07799.png,6
07800.png,1
07801.png,8
07802.png,6
07803.png,1
07804.png,2
07805.png,3
07806.png,9
07807.png,4
07808.png,1
07809.png,9
07810.png,5
07811.png,0
07812.png,6
07813.png,2
07814.png,7
07815.png,2
07816.png,0
07817.png,5
07818.png,4
07819.png,0
07820.png,0
07821.png,9
07822.png,2
07823.png,8
07824.png,1
07825.png,1
07826.png,5
07827.png,3
07828.png,8
07829.png,1
07830.png,9
07831.png,0
07832.png,5
07833.png,2
07834.png,9
07835.png,6
07836.png,0
07837.png,9
07838.png,4
07839.png,9
07840.png,8
07841.png,8
07842.png,3
07843.png,8
07844.png,2
07845.png,7
07846.png,8
07847.png,2
07848.png,0
07849.png,9
07850.png,0
07851.png,5
07852.png,2
07853.png,1
07854.png,0
07855.png,5
07856.png,6
07857.png,2
07858.png,1
07859.png,1
07860.png,0
07861.png,8
07862.png,3
07863.png,9
07864.png,8
07865.png,1
07866.png,0
07867.png,8
07868.png,7
07869.png,1
07870.png,4
07871.png,2
07872.png,8
07873.png,3
07874.png,1
07875.png,1
07876.png,7
07877.png,3
07878.png,4
07879.png,7
07880.png,5
07881.png,2
07882.png,6
07883.png,6
07884.png,6
07885.png,7
07886.png,5
07887.png,6
07888.png,8
07889.png,4
07890.png,8
07891.png,5
07892.png,2
07893.png,4
07894.png,7
07895.png,4
07896.png,2
07897.png,7
07898.png,4
07899.png,0
07900.png,2
07901.png,5
07902.png,0
07903.png,0
07904.png,5
07905.png,6
07906.png,7
07907.png,0
07908.png,9
07909.png,0
07910.png,0
07911.png,9
07912.png,6
07913.png,5
07914.png,8
07915.png,5
07916.png,5
07917.png,6
07918.png,6
07919.png,3
07920.png,4
07921.png,5
07922.png,6
07923.png,6
07924.png,9
07925.png,4
07926.png,6
07927.png,7
07928.png,7
07929.png,8
07930.png,4
07931.png,7
07932.png,6
07933.png,6
07934.png,2
07935.png,9
07936.png,9
07937.png,3
07938.png,8
07939.png,5
07940.png,3
07941.png,9
07942.png,9
07943.png,4
07944.png,5
07945.png,2
07946.png,5
07947.png,8
07948.png,3
07949.png,0
07950.png,6
07951.png,1
07952.png,3
07953.png,7
07954.png,8
07955.png,8
07956.png,3
07957.png,6
07958.png,1
07959.png,0
07960.png,0
07961.png,0
07962.png,5
07963.png,6
07964.png,8
07965.png,7
07966.png,9
07967.png,7
07968.png,9
07969.png,8
07970.png,0
07971.png,3
07972.png,4
07973.png,0
07974.png,3
07975.png,6
07976.png,2
07977.png,5
07978.png,4
07979.png,9
07980.png,0
07981.png,4
07982.png,7
07983.png,9
07984.png,9
07985.png,3
07986.png,5
07987.png,2
07988.png,9
07989.png,9
07990.png,1
07991.png,9
07992.png,6
07993.png,2
07994.png,8
07995.png,6
07996.png,0
07997.png,1
07998.png,0
07999.png,9
